월,순위,제목,저자,출판사,판매지수,출판 년월
1,1,지구 끝의 온실,김초엽,자이언트북스,"판매지수 57,006",2021년 08월
1,2,[예스리커버] 우리가 빛의 속도로 갈 수 없다면,김초엽,허블,"판매지수 53,538",2019년 06월
1,3,천 개의 파랑,천선란,허블,"판매지수 55,245",2020년 08월
1,4,프로젝트 헤일메리,앤디 위어,알에이치코리아(RHK),"판매지수 60,555",2021년 05월
1,5,꿀벌의 예언 2,베르나르 베르베르,열린책들,"판매지수 13,176",2023년 06월
1,6,꿀벌의 예언 1,베르나르 베르베르,열린책들,"판매지수 13,170",2023년 06월
1,7,심판,베르나르 베르베르,열린책들,"판매지수 17,298",2020년 08월
1,8,듄의 세계,톰 허들스턴,황금가지,"판매지수 6,672",2024년 01월
1,9,당신 인생의 이야기 (리커버),테드 창,엘리,"판매지수 7,236",2020년 01월
1,10,저주토끼,정보라,래빗홀,"판매지수 25,566",2023년 04월
1,11,미키7 소설 세트,에드워드 애슈턴,황금가지,"판매지수 8,538",2023년 11월
1,12,삼체 1~3 세트,류츠신,자음과모음,"판매지수 112,236",2024년 06월
1,13,듄 신장판 전집 세트,프랭크 허버트,황금가지,"판매지수 28,932",2021년 01월
1,14,화씨 451,레이 브래드버리,황금가지,"판매지수 11,304",2009년 03월
1,15,수확자,닐 셔스터먼,열린책들,"판매지수 8,778",2023년 02월
1,16,지구 생물체는 항복하라,정보라,래빗홀,"판매지수 10,866",2024년 01월
1,17,당신 인생의 이야기,테드 창,엘리,"판매지수 19,269",2016년 10월
1,18,마션,앤디 위어,알에이치코리아(RHK),"판매지수 13,500",2021년 05월
1,19,수확자 시리즈 세트,닐 셔스터먼,열린책들,"판매지수 9,018",2023년 02월
1,20,숨,테드 창,엘리,"판매지수 10,953",2019년 05월
1,21,파피용,베르나르 베르베르,열린책들,"판매지수 4,074",2023년 12월
1,22,돌이킬 수 있는,문목하,아작,"판매지수 21,552",2018년 12월
1,23,미키7,에드워드 애슈턴,황금가지,"판매지수 5,052",2022년 07월
1,24,종이 동물원,켄 리우,황금가지,"판매지수 7,821",2018년 11월
1,25,제노사이드,다카노 가즈아키,황금가지,"판매지수 10,833",2012년 06월
1,26,이끼숲,천선란,자이언트북스,"판매지수 9,246",2023년 05월
1,27,[예스리커버] 천 개의 파랑,천선란,허블,"판매지수 3,798",2022년 11월
1,28,어떤 물질의 사랑,천선란,아작,"판매지수 7,071",2020년 07월
1,29,그러나 누군가는 더 검은 밤을 원한다,우다영,문학과지성사,"판매지수 2,106",2023년 12월
1,30,종의 기원담,김보영,아작,"판매지수 8,652",2023년 06월
1,31,듄 신장판 1,프랭크 허버트,황금가지,"판매지수 18,270",2021년 01월
1,32,안드로이드는 전기양의 꿈을 꾸는가?,필립 K. 딕,폴라북스,"판매지수 6,228",2013년 09월
1,33,미키7 : 반물질의 블루스,에드워드 애슈턴,황금가지,"판매지수 2,454",2023년 11월
1,34,은하수를 여행하는 히치하이커를 위한 안내서 합본,더글러스 애덤스,책세상,"판매지수 8,313",2005년 12월
1,35,은하수를 여행하는 히치하이커를 위한 안내서 1,더글러스 애덤스,책세상,"판매지수 10,500",2004년 12월
1,36,화성과 나,배명훈,래빗홀,"판매지수 1,680",2023년 11월
1,37,다섯 번째 감각,김보영,아작,"판매지수 4,269",2022년 02월
1,38,라스트 젤리 샷,청예,허블,"판매지수 2,757",2023년 08월
1,39,선더헤드,닐 셔스터먼,열린책들,"판매지수 2,712",2023년 02월
1,40,미래로 가는 사람들,김보영,새파란상상 (파란미디어),"판매지수 3,954",2020년 05월
1,41,80일간의 세계 일주,쥘 베른,열린책들,"판매지수 2,214",2010년 12월
1,42,고양이 2,베르나르 베르베르,열린책들,"판매지수 2,112",2018년 05월
1,43,로즈웰 가는 길,코니 윌리스,아작,판매지수 936,2024년 02월
1,44,미래과거시제,배명훈,북하우스,"판매지수 1,824",2023년 03월
1,45,쿼런틴,그렉 이건,허블,"판매지수 5,010",2022년 12월
1,46,아르테미스,앤디 위어,알에이치코리아(RHK),"판매지수 6,282",2021년 05월
1,47,듄 신장판 2,프랭크 허버트,황금가지,"판매지수 6,888",2021년 01월
1,48,고양이 1,베르나르 베르베르,열린책들,"판매지수 2,352",2018년 05월
1,49,파운데이션 완전판 세트,아이작 아시모프,황금가지,"판매지수 3,816",2013년 10월
1,50,해저 2만리,쥘 베른,작가정신,"판매지수 2,334",2009년 09월
1,51,"아이, 로봇",아이작 아시모프,우리교육,"판매지수 6,327",2008년 07월
1,52,디어 마이 라이카,김연미,토마토출판사,판매지수 978,2024년 01월
1,53,문명 2,베르나르 베르베르,열린책들,"판매지수 2,154",2021년 05월
1,54,행성 2,베르나르 베르베르,열린책들,"판매지수 1,584",2022년 05월
1,55,"땡스 갓, 잇츠 프라이데이",심너울,안전가옥,"판매지수 1,782",2020년 01월
1,56,목소리를 드릴게요,정세랑,아작,"판매지수 4,353",2020년 01월
1,57,나는 입이 없다 그리고 나는 비명을 질러야 한다,이수현,아작,"판매지수 2,760",2017년 07월
1,58,은하수를 여행하는 히치하이커를 위한 안내서 2,더글러스 애덤스,책세상,"판매지수 4,299",2004년 12월
1,59,행성 1,베르나르 베르베르,열린책들,"판매지수 1,572",2022년 05월
1,60,므레모사,김초엽,현대문학,"판매지수 2,544",2021년 12월
1,61,7인의 집행관,김보영,폴라북스,"판매지수 1,440",2023년 07월
1,62,노 휴먼스 랜드,김정,창비,"판매지수 3,462",2023년 07월
1,63,문명 1,베르나르 베르베르,열린책들,"판매지수 1,836",2021년 05월
1,64,해피 메모리 투게더,유파랑,고즈넉이엔티,판매지수 480,2024년 01월
1,65,악의 유전학,임야비,쌤앤파커스,"판매지수 1,332",2023년 09월
1,66,소심한 사람들만 남았다,김이환,북다,"판매지수 1,566",2023년 06월
1,67,종소리,닐 셔스터먼,열린책들,"판매지수 2,334",2023년 02월
1,68,듄 신장판 3,프랭크 허버트,황금가지,"판매지수 3,264",2021년 01월
1,69,스코치 트라이얼,제임스 대시너,문학수첩,"판매지수 2,541",2012년 07월
1,70,잔류 인구,엘리자베스 문,푸른숲,판매지수 852,2021년 10월
1,71,기억 1,베르나르 베르베르,열린책들,"판매지수 1,668",2020년 05월
1,72,신들은 죽임당하지 않을 것이다,켄 리우,황금가지,판매지수 936,2023년 02월
1,73,내가 행복한 이유,그렉 이건,허블,"판매지수 1,788",2022년 08월
1,74,80일간의 세계일주,쥘 베른,열림원,"판매지수 1,092",2022년 06월
1,75,당신을 기다리고 있어,김보영,새파란상상 (파란미디어),"판매지수 11,112",2020년 05월
1,76,해리 오거스트의 열다섯 번째 삶,클레어 노스,미래인,판매지수 552,2018년 08월
1,77,SF 명예의 전당 1,아이작 아시모프,오멜라스,"판매지수 1,512",2010년 06월
1,78,멋진 신세계,올더스 헉슬리,서문당,판매지수 642,2023년 11월
1,79,나 같은 기계들,이언 매큐언,문학동네,"판매지수 1,284",2023년 08월
1,80,타나토노트 세트,베르나르 베르베르,열린책들,"판매지수 1,584",2000년 09월
1,81,뉴로맨서,윌리엄 깁슨,황금가지,"판매지수 2,178",2005년 05월
1,82,모든 사람에 대한 이론,이하진,열림원,판매지수 726,2024년 01월
1,83,디 임플로이,올가 라븐,다람,판매지수 372,2023년 12월
1,84,투명 공간 앨리스,로희,네오픽션,판매지수 156,2024년 01월
1,85,무뇌 변호사,신조하,네오픽션,판매지수 552,2024년 01월
1,86,당신이 보고 싶어하는 세상,장강명,문학동네,"판매지수 5,556",2023년 07월
1,87,[예스리커버] 고양이 합본판,베르나르 베르베르,열린책들,"판매지수 5,898",2023년 04월
1,88,기억 2,베르나르 베르베르,열린책들,"판매지수 1,536",2020년 05월
1,89,스텔라 오디세이 트릴로지 세트,김보영,새파란상상 (파란미디어),"판매지수 3,504",2020년 05월
1,90,죽음 2,베르나르 베르베르,열린책들,"판매지수 1,128",2019년 05월
1,91,저 이승의 선지자,김보영,아작,판매지수 750,2017년 06월
1,92,은하수를 여행하는 히치하이커를 위한 안내서 3,더글러스 애덤스,책세상,"판매지수 2,070",2004년 12월
1,93,콘택트 1,칼 에드워드 세이건,사이언스북스,"판매지수 1,548",2001년 12월
1,94,2023 제6회 한국과학문학상 수상작품집,한이솔,허블,"판매지수 1,200",2023년 05월
1,95,죽음 1,베르나르 베르베르,열린책들,"판매지수 1,014",2019년 05월
1,96,좀비 서바이벌 가이드,맥스 브룩스,황금가지,판매지수 684,2011년 10월
1,97,콘택트 2,칼 에드워드 세이건,사이언스북스,"판매지수 1,416",2001년 12월
1,98,개의 설계사,단요,아작,판매지수 600,2023년 06월
1,99,"죽음과 세금은 피할 수 없다, 드래곤 역시",홍락훈,에이플랫,판매지수 462,2023년 09월
1,100,푸른 살,이태제,북다,판매지수 432,2023년 07월
2,1,지구 생물체는 항복하라,정보라,래빗홀,"판매지수 10,866",2024년 01월
2,2,지구 끝의 온실,김초엽,자이언트북스,"판매지수 57,006",2021년 08월
2,3,프로젝트 헤일메리,앤디 위어,알에이치코리아(RHK),"판매지수 60,555",2021년 05월
2,4,듄 신장판 전집 세트,프랭크 허버트,황금가지,"판매지수 28,932",2021년 01월
2,5,[예스리커버] 우리가 빛의 속도로 갈 수 없다면,김초엽,허블,"판매지수 53,538",2019년 06월
2,6,천 개의 파랑,천선란,허블,"판매지수 55,245",2020년 08월
2,7,듄의 세계,톰 허들스턴,황금가지,"판매지수 6,672",2024년 01월
2,8,듄 신장판 1,프랭크 허버트,황금가지,"판매지수 18,270",2021년 01월
2,9,삼체 1~3 세트,류츠신,자음과모음,"판매지수 112,236",2024년 06월
2,10,꿀벌의 예언 2,베르나르 베르베르,열린책들,"판매지수 13,176",2023년 06월
2,11,꿀벌의 예언 1,베르나르 베르베르,열린책들,"판매지수 13,170",2023년 06월
2,12,당신 인생의 이야기,테드 창,엘리,"판매지수 19,269",2016년 10월
2,13,심판,베르나르 베르베르,열린책들,"판매지수 17,298",2020년 08월
2,14,저주토끼,정보라,래빗홀,"판매지수 25,566",2023년 04월
2,15,화씨 451,레이 브래드버리,황금가지,"판매지수 11,304",2009년 03월
2,16,수확자,닐 셔스터먼,열린책들,"판매지수 8,778",2023년 02월
2,17,[예스리커버] 천 개의 파랑,천선란,허블,"판매지수 3,798",2022년 11월
2,18,당신 인생의 이야기 (리커버),테드 창,엘리,"판매지수 7,236",2020년 01월
2,19,수확자 시리즈 세트,닐 셔스터먼,열린책들,"판매지수 9,018",2023년 02월
2,20,제노사이드,다카노 가즈아키,황금가지,"판매지수 10,833",2012년 06월
2,21,미키7 소설 세트,에드워드 애슈턴,황금가지,"판매지수 8,538",2023년 11월
2,22,마지막 증명,이하진,안전가옥,"판매지수 3,228",2024년 01월
2,23,종의 기원담,김보영,아작,"판매지수 8,652",2023년 06월
2,24,게임 체인저,닐 셔스터먼,열린책들,"판매지수 1,212",2024년 02월
2,25,노인을 위한 나라는 있다,정성문,예미,"판매지수 1,098",2024년 01월
2,26,돌이킬 수 있는,문목하,아작,"판매지수 21,552",2018년 12월
2,27,숨,테드 창,엘리,"판매지수 10,953",2019년 05월
2,28,마션,앤디 위어,알에이치코리아(RHK),"판매지수 13,500",2021년 05월
2,29,이끼숲,천선란,자이언트북스,"판매지수 9,246",2023년 05월
2,30,해리 오거스트의 열다섯 번째 삶,클레어 노스,미래인,판매지수 552,2018년 08월
2,31,듄 신장판 2,프랭크 허버트,황금가지,"판매지수 6,888",2021년 01월
2,32,아르테미스,앤디 위어,알에이치코리아(RHK),"판매지수 6,282",2021년 05월
2,33,[작가만남] 『지구 생물체는 항복하라』 정보라 소설가 북토크 with 은유 작가 (1인 입장권),정보라,래빗홀,판매지수 420,N/A
2,34,미키7,에드워드 애슈턴,황금가지,"판매지수 5,052",2022년 07월
2,35,그러나 누군가는 더 검은 밤을 원한다,우다영,문학과지성사,"판매지수 2,106",2023년 12월
2,36,화성과 나,배명훈,래빗홀,"판매지수 1,680",2023년 11월
2,37,깃털,김정혜진,허블,"판매지수 2,094",2020년 07월
2,38,안드로이드는 전기양의 꿈을 꾸는가?,필립 K. 딕,폴라북스,"판매지수 6,228",2013년 09월
2,39,미키7 : 반물질의 블루스,에드워드 애슈턴,황금가지,"판매지수 2,454",2023년 11월
2,40,다섯 번째 감각,김보영,아작,"판매지수 4,269",2022년 02월
2,41,어떤 물질의 사랑,천선란,아작,"판매지수 7,071",2020년 07월
2,42,듄 신장판 3,프랭크 허버트,황금가지,"판매지수 3,264",2021년 01월
2,43,은하수를 여행하는 히치하이커를 위한 안내서 1,더글러스 애덤스,책세상,"판매지수 10,500",2004년 12월
2,44,종이 동물원,켄 리우,황금가지,"판매지수 7,821",2018년 11월
2,45,로즈웰 가는 길,코니 윌리스,아작,판매지수 936,2024년 02월
2,46,선더헤드,닐 셔스터먼,열린책들,"판매지수 2,712",2023년 02월
2,47,라마와의 랑데부,아서 C. 클라크,아작,"판매지수 1,944",2017년 03월
2,48,종소리,닐 셔스터먼,열린책들,"판매지수 2,334",2023년 02월
2,49,쿼런틴,그렉 이건,허블,"판매지수 5,010",2022년 12월
2,50,파운데이션 완전판 세트,아이작 아시모프,황금가지,"판매지수 3,816",2013년 10월
2,51,얼마나 닮았는가,김보영,아작,"판매지수 1,974",2020년 10월
2,52,은하수를 여행하는 히치하이커를 위한 안내서 합본,더글러스 애덤스,책세상,"판매지수 8,313",2005년 12월
2,53,레디 플레이어 투,어니스트 클라인,에이콘출판사,"판매지수 1,362",2024년 02월
2,54,듄 신장판 5,프랭크 허버트,황금가지,"판매지수 1,602",2021년 01월
2,55,미래로 가는 사람들,김보영,새파란상상 (파란미디어),"판매지수 3,954",2020년 05월
2,56,목소리를 드릴게요,정세랑,아작,"판매지수 4,353",2020년 01월
2,57,나 같은 기계들,이언 매큐언,문학동네,"판매지수 1,284",2023년 08월
2,58,듄 신장판 6,프랭크 허버트,황금가지,"판매지수 1,236",2021년 01월
2,59,듄 신장판 4,프랭크 허버트,황금가지,"판매지수 1,986",2021년 01월
2,60,오류가 발생했습니다,이산화,안전가옥,"판매지수 1,008",2024년 02월
2,61,시간을 거슬러 간 나비,듀나,읻다,판매지수 642,2024년 02월
2,62,내가 행복한 이유,그렉 이건,허블,"판매지수 1,788",2022년 08월
2,63,므레모사,김초엽,현대문학,"판매지수 2,544",2021년 12월
2,64,당신을 기다리고 있어,김보영,새파란상상 (파란미디어),"판매지수 11,112",2020년 05월
2,65,"아이, 로봇",아이작 아시모프,우리교육,"판매지수 6,327",2008년 07월
2,66,고양이 2,베르나르 베르베르,열린책들,"판매지수 2,112",2018년 05월
2,67,고양이 1,베르나르 베르베르,열린책들,"판매지수 2,352",2018년 05월
2,68,SF 명예의 전당 1,아이작 아시모프,오멜라스,"판매지수 1,512",2010년 06월
2,69,대여금고,그렉 이건,허블,"판매지수 2,862",2024년 02월
2,70,악의 유전학,임야비,쌤앤파커스,"판매지수 1,332",2023년 09월
2,71,라스트 젤리 샷,청예,허블,"판매지수 2,757",2023년 08월
2,72,7인의 집행관,김보영,폴라북스,"판매지수 1,440",2023년 07월
2,73,여자와 여자의 세상,스즈키 이즈미,문학과지성사,판매지수 372,2023년 09월
2,74,당신이 보고 싶어하는 세상,장강명,문학동네,"판매지수 5,556",2023년 07월
2,75,행성 2,베르나르 베르베르,열린책들,"판매지수 1,584",2022년 05월
2,76,은밀한 결정,오가와 요코,문학동네,판매지수 966,2021년 10월
2,77,파운데이션,아이작 아시모프,황금가지,"판매지수 1,698",2013년 10월
2,78,은하수를 여행하는 히치하이커를 위한 안내서 4,더글러스 애덤스,책세상,"판매지수 1,668",2005년 01월
2,79,미래 변호사 이난영,권유수,안전가옥,판매지수 372,2024년 01월
2,80,파피용,베르나르 베르베르,열린책들,"판매지수 4,074",2023년 12월
2,81,노 휴먼스 랜드,김정,창비,"판매지수 3,462",2023년 07월
2,82,개의 설계사,단요,아작,판매지수 600,2023년 06월
2,83,SF 보다 Vol.1 얼음,곽재식,문학과지성사,판매지수 582,2023년 04월
2,84,기억 2,베르나르 베르베르,열린책들,"판매지수 1,536",2020년 05월
2,85,당신에게 가고 있어,김보영,새파란상상 (파란미디어),"판매지수 4,920",2020년 05월
2,86,나는 입이 없다 그리고 나는 비명을 질러야 한다,이수현,아작,"판매지수 2,760",2017년 07월
2,87,킨,옥타비아 버틀러,비채,"판매지수 2,082",2016년 05월
2,88,스코치 트라이얼,제임스 대시너,문학수첩,"판매지수 2,541",2012년 07월
2,89,80일간의 세계 일주,쥘 베른,열린책들,"판매지수 2,214",2010년 12월
2,90,뉴로맨서,윌리엄 깁슨,황금가지,"판매지수 2,178",2005년 05월
2,91,말 없는 자들의 목소리,황모과,래빗홀,판매지수 984,2023년 08월
2,92,"다시 한번, 밀레니엄",이민섭,아작,판매지수 348,2024년 03월
2,93,디 임플로이,올가 라븐,다람,판매지수 372,2023년 12월
2,94,소심한 사람들만 남았다,김이환,북다,"판매지수 1,566",2023년 06월
2,95,2023 제6회 한국과학문학상 수상작품집,한이솔,허블,"판매지수 1,200",2023년 05월
2,96,신들은 죽임당하지 않을 것이다,켄 리우,황금가지,판매지수 936,2023년 02월
2,97,20세기 파리,쥘 베른,알마,판매지수 318,2022년 11월
2,98,지구 속 여행,쥘 베른,열림원,"판매지수 1,158",2022년 06월
2,99,행성 1,베르나르 베르베르,열린책들,"판매지수 1,572",2022년 05월
2,100,숨 (리커버),테드 창,엘리,판매지수 966,2022년 04월
3,1,삼체 1~3 세트,류츠신,자음과모음,"판매지수 112,236",2024년 06월
3,2,듄 신장판 전집 세트,프랭크 허버트,황금가지,"판매지수 28,932",2021년 01월
3,3,듄 신장판 1,프랭크 허버트,황금가지,"판매지수 18,270",2021년 01월
3,4,지구 끝의 온실,김초엽,자이언트북스,"판매지수 57,006",2021년 08월
3,5,프로젝트 헤일메리,앤디 위어,알에이치코리아(RHK),"판매지수 60,555",2021년 05월
3,6,[예스리커버] 우리가 빛의 속도로 갈 수 없다면,김초엽,허블,"판매지수 53,538",2019년 06월
3,7,천 개의 파랑,천선란,허블,"판매지수 55,245",2020년 08월
3,8,듄의 세계,톰 허들스턴,황금가지,"판매지수 6,672",2024년 01월
3,9,듄 신장판 2,프랭크 허버트,황금가지,"판매지수 6,888",2021년 01월
3,10,[예스리커버] 천 개의 파랑,천선란,허블,"판매지수 3,798",2022년 11월
3,11,당신 인생의 이야기,테드 창,엘리,"판매지수 19,269",2016년 10월
3,12,저주토끼,정보라,래빗홀,"판매지수 25,566",2023년 04월
3,13,심판,베르나르 베르베르,열린책들,"판매지수 17,298",2020년 08월
3,14,숨,테드 창,엘리,"판매지수 10,953",2019년 05월
3,15,마션,앤디 위어,알에이치코리아(RHK),"판매지수 13,500",2021년 05월
3,16,노 휴먼스 랜드,김정,창비,"판매지수 3,462",2023년 07월
3,17,화씨 451,레이 브래드버리,황금가지,"판매지수 11,304",2009년 03월
3,18,꿀벌의 예언 1,베르나르 베르베르,열린책들,"판매지수 13,170",2023년 06월
3,19,지구 생물체는 항복하라,정보라,래빗홀,"판매지수 10,866",2024년 01월
3,20,꿀벌의 예언 2,베르나르 베르베르,열린책들,"판매지수 13,176",2023년 06월
3,21,수확자 시리즈 세트,닐 셔스터먼,열린책들,"판매지수 9,018",2023년 02월
3,22,돌이킬 수 있는,문목하,아작,"판매지수 21,552",2018년 12월
3,23,대여금고,그렉 이건,허블,"판매지수 2,862",2024년 02월
3,24,미키7 소설 세트,에드워드 애슈턴,황금가지,"판매지수 8,538",2023년 11월
3,25,종의 기원담,김보영,아작,"판매지수 8,652",2023년 06월
3,26,듄 신장판 3,프랭크 허버트,황금가지,"판매지수 3,264",2021년 01월
3,27,종이 동물원,켄 리우,황금가지,"판매지수 7,821",2018년 11월
3,28,제노사이드,다카노 가즈아키,황금가지,"판매지수 10,833",2012년 06월
3,29,이끼숲,천선란,자이언트북스,"판매지수 9,246",2023년 05월
3,30,수확자,닐 셔스터먼,열린책들,"판매지수 8,778",2023년 02월
3,31,국립존엄보장센터,남유하,서해문집,"판매지수 4,152",2022년 05월
3,32,당신 인생의 이야기 (리커버),테드 창,엘리,"판매지수 7,236",2020년 01월
3,33,목소리를 드릴게요,정세랑,아작,"판매지수 4,353",2020년 01월
3,34,유령해마,문목하,아작,"판매지수 1,770",2021년 04월
3,35,미키7,에드워드 애슈턴,황금가지,"판매지수 5,052",2022년 07월
3,36,어떤 물질의 사랑,천선란,아작,"판매지수 7,071",2020년 07월
3,37,"아이, 로봇",아이작 아시모프,우리교육,"판매지수 6,327",2008년 07월
3,38,오류가 발생했습니다,이산화,안전가옥,"판매지수 1,008",2024년 02월
3,39,깃털,김정혜진,허블,"판매지수 2,094",2020년 07월
3,40,은하수를 여행하는 히치하이커를 위한 안내서 합본,더글러스 애덤스,책세상,"판매지수 8,313",2005년 12월
3,41,아르테미스,앤디 위어,알에이치코리아(RHK),"판매지수 6,282",2021년 05월
3,42,프랭크 허버트 단편 걸작선 세트,프랭크 허버트,황금가지,판매지수 762,2024년 02월
3,43,파운데이션 완전판 세트,아이작 아시모프,황금가지,"판매지수 3,816",2013년 10월
3,44,은하수를 여행하는 히치하이커를 위한 안내서 1,더글러스 애덤스,책세상,"판매지수 10,500",2004년 12월
3,45,안드로이드는 전기양의 꿈을 꾸는가?,필립 K. 딕,폴라북스,"판매지수 6,228",2013년 09월
3,46,터널 103,유이제,창비,"판매지수 1,578",2024년 02월
3,47,마지막 증명,이하진,안전가옥,"판매지수 3,228",2024년 01월
3,48,당신이 보고 싶어하는 세상,장강명,문학동네,"판매지수 5,556",2023년 07월
3,49,당신을 기다리고 있어,김보영,새파란상상 (파란미디어),"판매지수 11,112",2020년 05월
3,50,80일간의 세계 일주,쥘 베른,열린책들,"판매지수 2,214",2010년 12월
3,51,다섯 번째 감각,김보영,아작,"판매지수 4,269",2022년 02월
3,52,므레모사,김초엽,현대문학,"판매지수 2,544",2021년 12월
3,53,듄 신장판 4,프랭크 허버트,황금가지,"판매지수 1,986",2021년 01월
3,54,그러나 누군가는 더 검은 밤을 원한다,우다영,문학과지성사,"판매지수 2,106",2023년 12월
3,55,선더헤드,닐 셔스터먼,열린책들,"판매지수 2,712",2023년 02월
3,56,라스트 젤리 샷,청예,허블,"판매지수 2,757",2023년 08월
3,57,미래로 가는 사람들,김보영,새파란상상 (파란미디어),"판매지수 3,954",2020년 05월
3,58,파피용,베르나르 베르베르,열린책들,"판매지수 4,074",2023년 12월
3,59,라마와의 랑데부,아서 C. 클라크,아작,"판매지수 1,944",2017년 03월
3,60,타나토노트 세트,베르나르 베르베르,열린책들,"판매지수 1,584",2000년 09월
3,61,비명을 찾아서 (하),복거일,문학과지성사,판매지수 750,1987년 03월
3,62,악의 유전학,임야비,쌤앤파커스,"판매지수 1,332",2023년 09월
3,63,[예스리커버] 고양이 합본판,베르나르 베르베르,열린책들,"판매지수 5,898",2023년 04월
3,64,문명 2,베르나르 베르베르,열린책들,"판매지수 2,154",2021년 05월
3,65,비명을 찾아서 (상),복거일,문학과지성사,판매지수 804,1987년 03월
3,66,쿼런틴,그렉 이건,허블,"판매지수 5,010",2022년 12월
3,67,내가 행복한 이유,그렉 이건,허블,"판매지수 1,788",2022년 08월
3,68,문명 1,베르나르 베르베르,열린책들,"판매지수 1,836",2021년 05월
3,69,고양이 1,베르나르 베르베르,열린책들,"판매지수 2,352",2018년 05월
3,70,"AI 몸피로봇, 로댕",구연상,아트레이크,판매지수 552,2024년 02월
3,71,로즈웰 가는 길,코니 윌리스,아작,판매지수 936,2024년 02월
3,72,미키7 : 반물질의 블루스,에드워드 애슈턴,황금가지,"판매지수 2,454",2023년 11월
3,73,부서진 대지 3부작 세트,N. K. 제미신,황금가지,"판매지수 1,746",2020년 11월
3,74,파운데이션,아이작 아시모프,황금가지,"판매지수 1,698",2013년 10월
3,75,게임 체인저,닐 셔스터먼,열린책들,"판매지수 1,212",2024년 02월
3,76,시간을 거슬러 간 나비,듀나,읻다,판매지수 642,2024년 02월
3,77,레디 플레이어 투,어니스트 클라인,에이콘출판사,"판매지수 1,362",2024년 02월
3,78,스코치 트라이얼,제임스 대시너,문학수첩,"판매지수 2,541",2012년 07월
3,79,듄 신장판 6,프랭크 허버트,황금가지,"판매지수 1,236",2021년 01월
3,80,듄 신장판 5,프랭크 허버트,황금가지,"판매지수 1,602",2021년 01월
3,81,신들은 죽임당하지 않을 것이다,켄 리우,황금가지,판매지수 936,2023년 02월
3,82,종소리,닐 셔스터먼,열린책들,"판매지수 2,334",2023년 02월
3,83,"땡스 갓, 잇츠 프라이데이",심너울,안전가옥,"판매지수 1,782",2020년 01월
3,84,제2회 한국과학문학상 수상작품집,김초엽,허블,"판매지수 2,304",2018년 03월
3,85,기억 1,베르나르 베르베르,열린책들,"판매지수 1,668",2020년 05월
3,86,킨,옥타비아 버틀러,비채,"판매지수 2,082",2016년 05월
3,87,메트로 2033 (METRO 2033),김하락,제우미디어,판매지수 384,2010년 04월
3,88,은하수를 여행하는 히치하이커를 위한 안내서 2,더글러스 애덤스,책세상,"판매지수 4,299",2004년 12월
3,89,해태,조 메노스키,핏북,판매지수 384,2024년 02월
3,90,우주전쟁,허버트 조지 웰스,책세상,판매지수 798,2023년 02월
3,91,행성 2,베르나르 베르베르,열린책들,"판매지수 1,584",2022년 05월
3,92,행성 1,베르나르 베르베르,열린책들,"판매지수 1,572",2022년 05월
3,93,기억 2,베르나르 베르베르,열린책들,"판매지수 1,536",2020년 05월
3,94,삼체 3부,류츠신,단숨,판매지수 144,2019년 08월
3,95,고양이 2,베르나르 베르베르,열린책들,"판매지수 2,112",2018년 05월
3,96,디어 마이 라이카,김연미,토마토출판사,판매지수 978,2024년 01월
3,97,나 같은 기계들,이언 매큐언,문학동네,"판매지수 1,284",2023년 08월
3,98,7인의 집행관,김보영,폴라북스,"판매지수 1,440",2023년 07월
3,99,개의 설계사,단요,아작,판매지수 600,2023년 06월
3,100,지구 속 여행,쥘 베른,열림원,"판매지수 1,158",2022년 06월
4,1,삼체 1~3 세트,류츠신,자음과모음,"판매지수 112,236",2024년 06월
4,2,프로젝트 헤일메리,앤디 위어,알에이치코리아(RHK),"판매지수 60,555",2021년 05월
4,3,[예스리커버] 우리가 빛의 속도로 갈 수 없다면,김초엽,허블,"판매지수 53,538",2019년 06월
4,4,지구 끝의 온실,김초엽,자이언트북스,"판매지수 57,006",2021년 08월
4,5,천 개의 파랑,천선란,허블,"판매지수 55,245",2020년 08월
4,6,듄 신장판 전집 세트,프랭크 허버트,황금가지,"판매지수 28,932",2021년 01월
4,7,듄 신장판 1,프랭크 허버트,황금가지,"판매지수 18,270",2021년 01월
4,8,저주토끼,정보라,래빗홀,"판매지수 25,566",2023년 04월
4,9,심판,베르나르 베르베르,열린책들,"판매지수 17,298",2020년 08월
4,10,당신 인생의 이야기,테드 창,엘리,"판매지수 19,269",2016년 10월
4,11,마션,앤디 위어,알에이치코리아(RHK),"판매지수 13,500",2021년 05월
4,12,듄 신장판 2,프랭크 허버트,황금가지,"판매지수 6,888",2021년 01월
4,13,수확자 시리즈 세트,닐 셔스터먼,열린책들,"판매지수 9,018",2023년 02월
4,14,숨,테드 창,엘리,"판매지수 10,953",2019년 05월
4,15,[예스리커버] 『당신 인생의 이야기』 + 『숨』 리커버 세트,테드 창,엘리,"판매지수 7,146",2024년 04월
4,16,꿀벌의 예언 1,베르나르 베르베르,열린책들,"판매지수 13,170",2023년 06월
4,17,종의 기원담,김보영,아작,"판매지수 8,652",2023년 06월
4,18,수확자,닐 셔스터먼,열린책들,"판매지수 8,778",2023년 02월
4,19,꿀벌의 예언 2,베르나르 베르베르,열린책들,"판매지수 13,176",2023년 06월
4,20,지구 생물체는 항복하라,정보라,래빗홀,"판매지수 10,866",2024년 01월
4,21,이끼숲,천선란,자이언트북스,"판매지수 9,246",2023년 05월
4,22,돌이킬 수 있는,문목하,아작,"판매지수 21,552",2018년 12월
4,23,제노사이드,다카노 가즈아키,황금가지,"판매지수 10,833",2012년 06월
4,24,미키7 소설 세트,에드워드 애슈턴,황금가지,"판매지수 8,538",2023년 11월
4,25,당신 인생의 이야기 (리커버),테드 창,엘리,"판매지수 7,236",2020년 01월
4,26,종이 동물원,켄 리우,황금가지,"판매지수 7,821",2018년 11월
4,27,듄의 세계,톰 허들스턴,황금가지,"판매지수 6,672",2024년 01월
4,28,쿼런틴,그렉 이건,허블,"판매지수 5,010",2022년 12월
4,29,어떤 물질의 사랑,천선란,아작,"판매지수 7,071",2020년 07월
4,30,화씨 451,레이 브래드버리,황금가지,"판매지수 11,304",2009년 03월
4,31,"아이, 로봇",아이작 아시모프,우리교육,"판매지수 6,327",2008년 07월
4,32,미키7,에드워드 애슈턴,황금가지,"판매지수 5,052",2022년 07월
4,33,안드로이드는 전기양의 꿈을 꾸는가?,필립 K. 딕,폴라북스,"판매지수 6,228",2013년 09월
4,34,청혼,배명훈,북하우스,"판매지수 2,808",2024년 04월
4,35,다섯 번째 감각,김보영,아작,"판매지수 4,269",2022년 02월
4,36,당신들은 이렇게 시간 전쟁에서 패배한다,아말 엘모흐타르,황금가지,"판매지수 1,740",2021년 07월
4,37,[예스리커버] 고양이 합본판,베르나르 베르베르,열린책들,"판매지수 5,898",2023년 04월
4,38,듄 신장판 3,프랭크 허버트,황금가지,"판매지수 3,264",2021년 01월
4,39,나는 슈뢰딩거의 고양이로소이다,원종우,아토포스,"판매지수 1,488",2019년 12월
4,40,당신이 보고 싶어하는 세상,장강명,문학동네,"판매지수 5,556",2023년 07월
4,41,그러나 누군가는 더 검은 밤을 원한다,우다영,문학과지성사,"판매지수 2,106",2023년 12월
4,42,은하수를 여행하는 히치하이커를 위한 안내서 합본,더글러스 애덤스,책세상,"판매지수 8,313",2005년 12월
4,43,타나토노트 세트,베르나르 베르베르,열린책들,"판매지수 1,584",2000년 09월
4,44,아르테미스,앤디 위어,알에이치코리아(RHK),"판매지수 6,282",2021년 05월
4,45,파운데이션 완전판 세트,아이작 아시모프,황금가지,"판매지수 3,816",2013년 10월
4,46,대여금고,그렉 이건,허블,"판매지수 2,862",2024년 02월
4,47,레디 플레이어 투,어니스트 클라인,에이콘출판사,"판매지수 1,362",2024년 02월
4,48,국립존엄보장센터,남유하,서해문집,"판매지수 4,152",2022년 05월
4,49,은하수를 여행하는 히치하이커를 위한 안내서 1,더글러스 애덤스,책세상,"판매지수 10,500",2004년 12월
4,50,터널 103,유이제,창비,"판매지수 1,578",2024년 02월
4,51,마지막 증명,이하진,안전가옥,"판매지수 3,228",2024년 01월
4,52,내가 행복한 이유,그렉 이건,허블,"판매지수 1,788",2022년 08월
4,53,당신을 기다리고 있어,김보영,새파란상상 (파란미디어),"판매지수 11,112",2020년 05월
4,54,나 같은 기계들,이언 매큐언,문학동네,"판매지수 1,284",2023년 08월
4,55,목소리를 드릴게요,정세랑,아작,"판매지수 4,353",2020년 01월
4,56,킨,옥타비아 버틀러,비채,"판매지수 2,082",2016년 05월
4,57,스코치 트라이얼,제임스 대시너,문학수첩,"판매지수 2,541",2012년 07월
4,58,미래로 가는 사람들,김보영,새파란상상 (파란미디어),"판매지수 3,954",2020년 05월
4,59,"땡스 갓, 잇츠 프라이데이",심너울,안전가옥,"판매지수 1,782",2020년 01월
4,60,고양이 1,베르나르 베르베르,열린책들,"판매지수 2,352",2018년 05월
4,61,해저 2만리,쥘 베른,작가정신,"판매지수 2,334",2009년 09월
4,62,당신에게 가고 있어,김보영,새파란상상 (파란미디어),"판매지수 4,920",2020년 05월
4,63,고양이 2,베르나르 베르베르,열린책들,"판매지수 2,112",2018년 05월
4,64,떠나가는 관들에게,연마노,황금가지,판매지수 432,2024년 04월
4,65,미키7 : 반물질의 블루스,에드워드 애슈턴,황금가지,"판매지수 2,454",2023년 11월
4,66,태초에 외계인이 지구를 평평하게 창조하였으니,문이소,안온북스,"판매지수 1,050",2023년 09월
4,67,므레모사,김초엽,현대문학,"판매지수 2,544",2021년 12월
4,68,유령해마,문목하,아작,"판매지수 1,770",2021년 04월
4,69,선더헤드,닐 셔스터먼,열린책들,"판매지수 2,712",2023년 02월
4,70,2050 미래사회,우연이,열린인공지능,판매지수 390,2024년 04월
4,71,파피용,베르나르 베르베르,열린책들,"판매지수 4,074",2023년 12월
4,72,소심한 사람들만 남았다,김이환,북다,"판매지수 1,566",2023년 06월
4,73,듄 신장판 4,프랭크 허버트,황금가지,"판매지수 1,986",2021년 01월
4,74,SF 명예의 전당 1,아이작 아시모프,오멜라스,"판매지수 1,512",2010년 06월
4,75,영원한 저녁의 연인들,서윤빈,래빗홀,판매지수 444,2024년 04월
4,76,프랭크 허버트 단편 걸작선 세트,프랭크 허버트,황금가지,판매지수 762,2024년 02월
4,77,노 휴먼스 랜드,김정,창비,"판매지수 3,462",2023년 07월
4,78,행성 1,베르나르 베르베르,열린책들,"판매지수 1,572",2022년 05월
4,79,숨 (리커버),테드 창,엘리,판매지수 966,2022년 04월
4,80,신세계에서 2,기시 유스케,해냄,"판매지수 1,272",2020년 11월
4,81,스텔라 오디세이 트릴로지 세트,김보영,새파란상상 (파란미디어),"판매지수 3,504",2020년 05월
4,82,종소리,닐 셔스터먼,열린책들,"판매지수 2,334",2023년 02월
4,83,행성 2,베르나르 베르베르,열린책들,"판매지수 1,584",2022년 05월
4,84,문명 2,베르나르 베르베르,열린책들,"판매지수 2,154",2021년 05월
4,85,신세계에서 1,기시 유스케,해냄,"판매지수 1,284",2020년 11월
4,86,얼마나 닮았는가,김보영,아작,"판매지수 1,974",2020년 10월
4,87,여성작가 SF 단편모음집,김지현 (아밀),온우주,판매지수 744,2018년 03월
4,88,파운데이션,아이작 아시모프,황금가지,"판매지수 1,698",2013년 10월
4,89,오류가 발생했습니다,이산화,안전가옥,"판매지수 1,008",2024년 02월
4,90,화성과 나,배명훈,래빗홀,"판매지수 1,680",2023년 11월
4,91,지구 속 여행,쥘 베른,열림원,"판매지수 1,158",2022년 06월
4,92,솔라리스,스타니스와프 렘,민음사,판매지수 924,2022년 02월
4,93,듄 신장판 5,프랭크 허버트,황금가지,"판매지수 1,602",2021년 01월
4,94,기억 1,베르나르 베르베르,열린책들,"판매지수 1,668",2020년 05월
4,95,나는 입이 없다 그리고 나는 비명을 질러야 한다,이수현,아작,"판매지수 2,760",2017년 07월
4,96,별의 계승자 1,제임스 P. 호건,아작,"판매지수 1,080",2016년 07월
4,97,노인의 전쟁,존 스칼지,샘터,판매지수 906,2009년 01월
4,98,달빛수사,연여름,황금가지,판매지수 852,2023년 11월
4,99,"AI 몸피로봇, 로댕",구연상,아트레이크,판매지수 552,2024년 02월
4,100,무뇌 변호사,신조하,네오픽션,판매지수 552,2024년 01월
5,1,삼체 1~3 세트,류츠신,자음과모음,"판매지수 112,236",2024년 06월
5,2,[예스리커버] 우리가 빛의 속도로 갈 수 없다면,김초엽,허블,"판매지수 53,538",2019년 06월
5,3,지구 끝의 온실,김초엽,자이언트북스,"판매지수 57,006",2021년 08월
5,4,천 개의 파랑,천선란,허블,"판매지수 55,245",2020년 08월
5,5,프로젝트 헤일메리,앤디 위어,알에이치코리아(RHK),"판매지수 60,555",2021년 05월
5,6,종의 기원담,김보영,아작,"판매지수 8,652",2023년 06월
5,7,듄 신장판 전집 세트,프랭크 허버트,황금가지,"판매지수 28,932",2021년 01월
5,8,저주토끼,정보라,래빗홀,"판매지수 25,566",2023년 04월
5,9,[예스리커버] 『당신 인생의 이야기』 + 『숨』 리커버 세트,테드 창,엘리,"판매지수 7,146",2024년 04월
5,10,심판,베르나르 베르베르,열린책들,"판매지수 17,298",2020년 08월
5,11,당신 인생의 이야기,테드 창,엘리,"판매지수 19,269",2016년 10월
5,12,마션,앤디 위어,알에이치코리아(RHK),"판매지수 13,500",2021년 05월
5,13,숨,테드 창,엘리,"판매지수 10,953",2019년 05월
5,14,듄 신장판 1,프랭크 허버트,황금가지,"판매지수 18,270",2021년 01월
5,15,꿀벌의 예언 2,베르나르 베르베르,열린책들,"판매지수 13,176",2023년 06월
5,16,꿀벌의 예언 1,베르나르 베르베르,열린책들,"판매지수 13,170",2023년 06월
5,17,청혼,배명훈,북하우스,"판매지수 2,808",2024년 04월
5,18,수확자 시리즈 세트,닐 셔스터먼,열린책들,"판매지수 9,018",2023년 02월
5,19,돌이킬 수 있는,문목하,아작,"판매지수 21,552",2018년 12월
5,20,제노사이드,다카노 가즈아키,황금가지,"판매지수 10,833",2012년 06월
5,21,화씨 451,레이 브래드버리,황금가지,"판매지수 11,304",2009년 03월
5,22,지구 생물체는 항복하라,정보라,래빗홀,"판매지수 10,866",2024년 01월
5,23,듄 신장판 2,프랭크 허버트,황금가지,"판매지수 6,888",2021년 01월
5,24,어떤 물질의 사랑,천선란,아작,"판매지수 7,071",2020년 07월
5,25,안드로이드는 전기양의 꿈을 꾸는가?,필립 K. 딕,폴라북스,"판매지수 6,228",2013년 09월
5,26,"아이, 로봇",아이작 아시모프,우리교육,"판매지수 6,327",2008년 07월
5,27,종이 동물원,켄 리우,황금가지,"판매지수 7,821",2018년 11월
5,28,은하수를 여행하는 히치하이커를 위한 안내서 1,더글러스 애덤스,책세상,"판매지수 10,500",2004년 12월
5,29,수확자,닐 셔스터먼,열린책들,"판매지수 8,778",2023년 02월
5,30,이끼숲,천선란,자이언트북스,"판매지수 9,246",2023년 05월
5,31,미키7,에드워드 애슈턴,황금가지,"판매지수 5,052",2022년 07월
5,32,역병의 바다,김보영,알마,판매지수 984,2020년 05월
5,33,당신 인생의 이야기 (리커버),테드 창,엘리,"판매지수 7,236",2020년 01월
5,34,다섯 번째 감각,김보영,아작,"판매지수 4,269",2022년 02월
5,35,2024 제7회 한국과학문학상 수상작품집,장민,허블,"판매지수 4,032",2024년 05월
5,36,아르테미스,앤디 위어,알에이치코리아(RHK),"판매지수 6,282",2021년 05월
5,37,미키7 소설 세트,에드워드 애슈턴,황금가지,"판매지수 8,538",2023년 11월
5,38,스코치 트라이얼,제임스 대시너,문학수첩,"판매지수 2,541",2012년 07월
5,39,듄 신장판 3,프랭크 허버트,황금가지,"판매지수 3,264",2021년 01월
5,40,[예스리커버] 고양이 합본판,베르나르 베르베르,열린책들,"판매지수 5,898",2023년 04월
5,41,당신을 기다리고 있어,김보영,새파란상상 (파란미디어),"판매지수 11,112",2020년 05월
5,42,목소리를 드릴게요,정세랑,아작,"판매지수 4,353",2020년 01월
5,43,당신들은 이렇게 시간 전쟁에서 패배한다,아말 엘모흐타르,황금가지,"판매지수 1,740",2021년 07월
5,44,마지막 증명,이하진,안전가옥,"판매지수 3,228",2024년 01월
5,45,당신에게 가고 있어,김보영,새파란상상 (파란미디어),"판매지수 4,920",2020년 05월
5,46,파운데이션 완전판 세트,아이작 아시모프,황금가지,"판매지수 3,816",2013년 10월
5,47,은하수를 여행하는 히치하이커를 위한 안내서 합본,더글러스 애덤스,책세상,"판매지수 8,313",2005년 12월
5,48,은하수를 여행하는 히치하이커를 위한 안내서 2,더글러스 애덤스,책세상,"판매지수 4,299",2004년 12월
5,49,듄의 세계,톰 허들스턴,황금가지,"판매지수 6,672",2024년 01월
5,50,내가 행복한 이유,그렉 이건,허블,"판매지수 1,788",2022년 08월
5,51,므레모사,김초엽,현대문학,"판매지수 2,544",2021년 12월
5,52,대여금고,그렉 이건,허블,"판매지수 2,862",2024년 02월
5,53,나는 입이 없다 그리고 나는 비명을 질러야 한다,이수현,아작,"판매지수 2,760",2017년 07월
5,54,라스트 젤리 샷,청예,허블,"판매지수 2,757",2023년 08월
5,55,당신이 보고 싶어하는 세상,장강명,문학동네,"판매지수 5,556",2023년 07월
5,56,쿼런틴,그렉 이건,허블,"판매지수 5,010",2022년 12월
5,57,소심한 사람들만 남았다,김이환,북다,"판매지수 1,566",2023년 06월
5,58,선더헤드,닐 셔스터먼,열린책들,"판매지수 2,712",2023년 02월
5,59,국립존엄보장센터,남유하,서해문집,"판매지수 4,152",2022년 05월
5,60,고양이 2,베르나르 베르베르,열린책들,"판매지수 2,112",2018년 05월
5,61,시녀 이야기,마거릿 애트우드,황금가지,"판매지수 2,814",2018년 04월
5,62,미키7 : 반물질의 블루스,에드워드 애슈턴,황금가지,"판매지수 2,454",2023년 11월
5,63,기억 2,베르나르 베르베르,열린책들,"판매지수 1,536",2020년 05월
5,64,기억 1,베르나르 베르베르,열린책들,"판매지수 1,668",2020년 05월
5,65,제2회 한국과학문학상 수상작품집,김초엽,허블,"판매지수 2,304",2018년 03월
5,66,터널 103,유이제,창비,"판매지수 1,578",2024년 02월
5,67,달빛수사,연여름,황금가지,판매지수 852,2023년 11월
5,68,타나토노트 세트,베르나르 베르베르,열린책들,"판매지수 1,584",2000년 09월
5,69,은하수를 여행하는 히치하이커를 위한 안내서 3,더글러스 애덤스,책세상,"판매지수 2,070",2004년 12월
5,70,파피용,베르나르 베르베르,열린책들,"판매지수 4,074",2023년 12월
5,71,종소리,닐 셔스터먼,열린책들,"판매지수 2,334",2023년 02월
5,72,듄 신장판 4,프랭크 허버트,황금가지,"판매지수 1,986",2021년 01월
5,73,고양이 1,베르나르 베르베르,열린책들,"판매지수 2,352",2018년 05월
5,74,라마와의 랑데부,아서 C. 클라크,아작,"판매지수 1,944",2017년 03월
5,75,2001 스페이스 오디세이,아서 C. 클라크,황금가지,"판매지수 1,164",2017년 02월
5,76,부서진 대지 3부작 세트,N. K. 제미신,황금가지,"판매지수 1,746",2020년 11월
5,77,콘택트 1,칼 에드워드 세이건,사이언스북스,"판매지수 1,548",2001년 12월
5,78,레디 플레이어 투,어니스트 클라인,에이콘출판사,"판매지수 1,362",2024년 02월
5,79,2023 제6회 한국과학문학상 수상작품집,한이솔,허블,"판매지수 1,200",2023년 05월
5,80,문명 2,베르나르 베르베르,열린책들,"판매지수 2,154",2021년 05월
5,81,타워,배명훈,문학과지성사,"판매지수 1,686",2020년 02월
5,82,죽음 2,베르나르 베르베르,열린책들,"판매지수 1,128",2019년 05월
5,83,SF 명예의 전당 1,아이작 아시모프,오멜라스,"판매지수 1,512",2010년 06월
5,84,뉴로맨서,윌리엄 깁슨,황금가지,"판매지수 2,178",2005년 05월
5,85,콘택트 2,칼 에드워드 세이건,사이언스북스,"판매지수 1,416",2001년 12월
5,86,화성과 나,배명훈,래빗홀,"판매지수 1,680",2023년 11월
5,87,숨 (리커버),테드 창,엘리,판매지수 966,2022년 04월
5,88,"땡스 갓, 잇츠 프라이데이",심너울,안전가옥,"판매지수 1,782",2020년 01월
5,89,나는 슈뢰딩거의 고양이로소이다,원종우,아토포스,"판매지수 1,488",2019년 12월
5,90,여성작가 SF 단편모음집,김지현 (아밀),온우주,판매지수 744,2018년 03월
5,91,스페이스 오디세이 완전판 세트,아서 C. 클라크,황금가지,"판매지수 1,080",2017년 02월
5,92,킨,옥타비아 버틀러,비채,"판매지수 2,082",2016년 05월
5,93,파운데이션,아이작 아시모프,황금가지,"판매지수 1,698",2013년 10월
5,94,은하영웅전설 완전판 스페셜 박스 세트,다나카 요시키,디앤씨미디어(D&C미디어),"판매지수 1,164",2011년 10월
5,95,프랭크 허버트 단편 걸작선 세트,프랭크 허버트,황금가지,판매지수 762,2024년 02월
5,96,그러나 누군가는 더 검은 밤을 원한다,우다영,문학과지성사,"판매지수 2,106",2023년 12월
5,97,미래과거시제,배명훈,북하우스,"판매지수 1,824",2023년 03월
5,98,솔라리스,스타니스와프 렘,민음사,판매지수 924,2022년 02월
5,99,은밀한 결정,오가와 요코,문학동네,판매지수 966,2021년 10월
5,100,문명 1,베르나르 베르베르,열린책들,"판매지수 1,836",2021년 05월
6,1,삼체 1~3 세트,류츠신,자음과모음,"판매지수 112,236",2024년 06월
6,2,당신을 기다리고 있어,김보영,새파란상상 (파란미디어),"판매지수 11,112",2020년 05월
6,3,프로젝트 헤일메리,앤디 위어,알에이치코리아(RHK),"판매지수 60,555",2021년 05월
6,4,지구 끝의 온실,김초엽,자이언트북스,"판매지수 57,006",2021년 08월
6,5,천 개의 파랑,천선란,허블,"판매지수 55,245",2020년 08월
6,6,[예스리커버] 우리가 빛의 속도로 갈 수 없다면,김초엽,허블,"판매지수 53,538",2019년 06월
6,7,은랑전,켄 리우,황금가지,"판매지수 4,008",2024년 06월
6,8,2024 제7회 한국과학문학상 수상작품집,장민,허블,"판매지수 4,032",2024년 05월
6,9,저주토끼,정보라,래빗홀,"판매지수 25,566",2023년 04월
6,10,당신에게 가고 있어,김보영,새파란상상 (파란미디어),"판매지수 4,920",2020년 05월
6,11,심판,베르나르 베르베르,열린책들,"판매지수 17,298",2020년 08월
6,12,듄 신장판 전집 세트,프랭크 허버트,황금가지,"판매지수 28,932",2021년 01월
6,13,마션,앤디 위어,알에이치코리아(RHK),"판매지수 13,500",2021년 05월
6,14,종이 동물원,켄 리우,황금가지,"판매지수 7,821",2018년 11월
6,15,당신 인생의 이야기,테드 창,엘리,"판매지수 19,269",2016년 10월
6,16,첫사랑의 침공,권혁일,안전가옥,"판매지수 6,138",2024년 06월
6,17,[예스리커버] 『당신 인생의 이야기』 + 『숨』 리커버 세트,테드 창,엘리,"판매지수 7,146",2024년 04월
6,18,꿀벌의 예언 2,베르나르 베르베르,열린책들,"판매지수 13,176",2023년 06월
6,19,꿀벌의 예언 1,베르나르 베르베르,열린책들,"판매지수 13,170",2023년 06월
6,20,어떤 물질의 사랑,천선란,아작,"판매지수 7,071",2020년 07월
6,21,종의 기원담,김보영,아작,"판매지수 8,652",2023년 06월
6,22,제노사이드,다카노 가즈아키,황금가지,"판매지수 10,833",2012년 06월
6,23,미래로 가는 사람들,김보영,새파란상상 (파란미디어),"판매지수 3,954",2020년 05월
6,24,이끼숲,천선란,자이언트북스,"판매지수 9,246",2023년 05월
6,25,듄 신장판 1,프랭크 허버트,황금가지,"판매지수 18,270",2021년 01월
6,26,스텔라 오디세이 트릴로지 세트,김보영,새파란상상 (파란미디어),"판매지수 3,504",2020년 05월
6,27,돌이킬 수 있는,문목하,아작,"판매지수 21,552",2018년 12월
6,28,숨,테드 창,엘리,"판매지수 10,953",2019년 05월
6,29,수확자 시리즈 세트,닐 셔스터먼,열린책들,"판매지수 9,018",2023년 02월
6,30,화씨 451,레이 브래드버리,황금가지,"판매지수 11,304",2009년 03월
6,31,"아이, 로봇",아이작 아시모프,우리교육,"판매지수 6,327",2008년 07월
6,32,듄 신장판 2,프랭크 허버트,황금가지,"판매지수 6,888",2021년 01월
6,33,수확자,닐 셔스터먼,열린책들,"판매지수 8,778",2023년 02월
6,34,아르테미스,앤디 위어,알에이치코리아(RHK),"판매지수 6,282",2021년 05월
6,35,[예스리커버] 고양이 합본판,베르나르 베르베르,열린책들,"판매지수 5,898",2023년 04월
6,36,은하수를 여행하는 히치하이커를 위한 안내서 1,더글러스 애덤스,책세상,"판매지수 10,500",2004년 12월
6,37,안드로이드는 전기양의 꿈을 꾸는가?,필립 K. 딕,폴라북스,"판매지수 6,228",2013년 09월
6,38,청혼,배명훈,북하우스,"판매지수 2,808",2024년 04월
6,39,30일의 밤,블레이크 크라우치,푸른숲,"판매지수 1,374",2022년 09월
6,40,호모 콰트로스 : 내전편,우석훈,해피북스투유,판매지수 504,2024년 05월
6,41,라스트 젤리 샷,청예,허블,"판매지수 2,757",2023년 08월
6,42,다섯 번째 감각,김보영,아작,"판매지수 4,269",2022년 02월
6,43,지구 생물체는 항복하라,정보라,래빗홀,"판매지수 10,866",2024년 01월
6,44,당신 인생의 이야기 (리커버),테드 창,엘리,"판매지수 7,236",2020년 01월
6,45,목소리를 드릴게요,정세랑,아작,"판매지수 4,353",2020년 01월
6,46,마지막 증명,이하진,안전가옥,"판매지수 3,228",2024년 01월
6,47,듄 신장판 3,프랭크 허버트,황금가지,"판매지수 3,264",2021년 01월
6,48,시녀 이야기,마거릿 애트우드,황금가지,"판매지수 2,814",2018년 04월
6,49,파운데이션 완전판 세트,아이작 아시모프,황금가지,"판매지수 3,816",2013년 10월
6,50,파피용,베르나르 베르베르,열린책들,"판매지수 4,074",2023년 12월
6,51,나는 입이 없다 그리고 나는 비명을 질러야 한다,이수현,아작,"판매지수 2,760",2017년 07월
6,52,2023 제6회 한국과학문학상 수상작품집,한이솔,허블,"판매지수 1,200",2023년 05월
6,53,듄 신장판 4,프랭크 허버트,황금가지,"판매지수 1,986",2021년 01월
6,54,제2회 한국과학문학상 수상작품집,김초엽,허블,"판매지수 2,304",2018년 03월
6,55,킨,옥타비아 버틀러,비채,"판매지수 2,082",2016년 05월
6,56,은하수를 여행하는 히치하이커를 위한 안내서 합본,더글러스 애덤스,책세상,"판매지수 8,313",2005년 12월
6,57,선더헤드,닐 셔스터먼,열린책들,"판매지수 2,712",2023년 02월
6,58,타나토노트 세트,베르나르 베르베르,열린책들,"판매지수 1,584",2000년 09월
6,59,스코치 트라이얼,제임스 대시너,문학수첩,"판매지수 2,541",2012년 07월
6,60,당신이 보고 싶어하는 세상,장강명,문학동네,"판매지수 5,556",2023년 07월
6,61,내가 행복한 이유,그렉 이건,허블,"판매지수 1,788",2022년 08월
6,62,미키7,에드워드 애슈턴,황금가지,"판매지수 5,052",2022년 07월
6,63,당신들은 이렇게 시간 전쟁에서 패배한다,아말 엘모흐타르,황금가지,"판매지수 1,740",2021년 07월
6,64,얼마나 닮았는가,김보영,아작,"판매지수 1,974",2020년 10월
6,65,멋진 신세계,올더스 헉슬리,소담출판사,"판매지수 1,482",2019년 09월
6,66,7인의 집행관,김보영,폴라북스,"판매지수 1,440",2023년 07월
6,67,종소리,닐 셔스터먼,열린책들,"판매지수 2,334",2023년 02월
6,68,신세계에서 2,기시 유스케,해냄,"판매지수 1,272",2020년 11월
6,69,"땡스 갓, 잇츠 프라이데이",심너울,안전가옥,"판매지수 1,782",2020년 01월
6,70,뉴로맨서,윌리엄 깁슨,황금가지,"판매지수 2,178",2005년 05월
6,71,은하수를 여행하는 히치하이커를 위한 안내서 2,더글러스 애덤스,책세상,"판매지수 4,299",2004년 12월
6,72,라비헴 폴리스 2049,박애진,폴라북스,판매지수 462,2024년 05월
6,73,대여금고,그렉 이건,허블,"판매지수 2,862",2024년 02월
6,74,악의 유전학,임야비,쌤앤파커스,"판매지수 1,332",2023년 09월
6,75,2022 제5회 한국과학문학상 수상작품집,서윤빈,허블,판매지수 666,2022년 05월
6,76,512번째 우주,김아영,자이언트북스,판매지수 258,2024년 06월
6,77,DAN,마케마케,하모니북(harmonybook),판매지수 126,2024년 06월
6,78,수도승과 로봇 시리즈 세트,베키 체임버스,황금가지,판매지수 474,2024년 05월
6,79,미키7 소설 세트,에드워드 애슈턴,황금가지,"판매지수 8,538",2023년 11월
6,80,소심한 사람들만 남았다,김이환,북다,"판매지수 1,566",2023년 06월
6,81,호,정보라,읻다,"판매지수 1,170",2023년 05월
6,82,푸른 행성이 있었다,프랑수아 를로르,마시멜로,판매지수 720,2022년 11월
6,83,국립존엄보장센터,남유하,서해문집,"판매지수 4,152",2022년 05월
6,84,신세계에서 1,기시 유스케,해냄,"판매지수 1,284",2020년 11월
6,85,기억 1,베르나르 베르베르,열린책들,"판매지수 1,668",2020년 05월
6,86,2001 스페이스 오디세이,아서 C. 클라크,황금가지,"판매지수 1,164",2017년 02월
6,87,파운데이션,아이작 아시모프,황금가지,"판매지수 1,698",2013년 10월
6,88,은하수를 여행하는 히치하이커를 위한 안내서 3,더글러스 애덤스,책세상,"판매지수 2,070",2004년 12월
6,89,그러나 누군가는 더 검은 밤을 원한다,우다영,문학과지성사,"판매지수 2,106",2023년 12월
6,90,미키7 : 반물질의 블루스,에드워드 애슈턴,황금가지,"판매지수 2,454",2023년 11월
6,91,나 같은 기계들,이언 매큐언,문학동네,"판매지수 1,284",2023년 08월
6,92,80일간의 세계일주,쥘 베른,열림원,"판매지수 1,092",2022년 06월
6,93,므레모사,김초엽,현대문학,"판매지수 2,544",2021년 12월
6,94,문명 1,베르나르 베르베르,열린책들,"판매지수 1,836",2021년 05월
6,95,라마와의 랑데부,아서 C. 클라크,아작,"판매지수 1,944",2017년 03월
6,96,별의 계승자 1,제임스 P. 호건,아작,"판매지수 1,080",2016년 07월
6,97,해저 2만리,쥘 베른,작가정신,"판매지수 2,334",2009년 09월
6,98,쿼런틴,그렉 이건,허블,"판매지수 5,010",2022년 12월
6,99,요람 행성,박해울,읻다,판매지수 510,2024년 07월
6,100,듄의 세계,톰 허들스턴,황금가지,"판매지수 6,672",2024년 01월
7,1,지구 끝의 온실,김초엽,자이언트북스,"판매지수 57,006",2021년 08월
7,2,삼체 1~3 세트,류츠신,자음과모음,"판매지수 112,236",2024년 06월
7,3,천 개의 파랑,천선란,허블,"판매지수 55,245",2020년 08월
7,4,프로젝트 헤일메리,앤디 위어,알에이치코리아(RHK),"판매지수 60,555",2021년 05월
7,5,돌이킬 수 있는,문목하,아작,"판매지수 21,552",2018년 12월
7,6,[예스리커버] 우리가 빛의 속도로 갈 수 없다면,김초엽,허블,"판매지수 53,538",2019년 06월
7,7,오렌지와 빵칼,청예,허블,"판매지수 10,533",2024년 07월
7,8,저주토끼,정보라,래빗홀,"판매지수 25,566",2023년 04월
7,9,당신을 기다리고 있어,김보영,새파란상상 (파란미디어),"판매지수 11,112",2020년 05월
7,10,마션,앤디 위어,알에이치코리아(RHK),"판매지수 13,500",2021년 05월
7,11,심판,베르나르 베르베르,열린책들,"판매지수 17,298",2020년 08월
7,12,첫사랑의 침공,권혁일,안전가옥,"판매지수 6,138",2024년 06월
7,13,이끼숲,천선란,자이언트북스,"판매지수 9,246",2023년 05월
7,14,"아이, 로봇",아이작 아시모프,우리교육,"판매지수 6,327",2008년 07월
7,15,듄 신장판 전집 세트,프랭크 허버트,황금가지,"판매지수 28,932",2021년 01월
7,16,당신에게 가고 있어,김보영,새파란상상 (파란미디어),"판매지수 4,920",2020년 05월
7,17,당신 인생의 이야기,테드 창,엘리,"판매지수 19,269",2016년 10월
7,18,꿀벌의 예언 2,베르나르 베르베르,열린책들,"판매지수 13,176",2023년 06월
7,19,숨,테드 창,엘리,"판매지수 10,953",2019년 05월
7,20,은랑전,켄 리우,황금가지,"판매지수 4,008",2024년 06월
7,21,[예스리커버] 고양이 합본판,베르나르 베르베르,열린책들,"판매지수 5,898",2023년 04월
7,22,꿀벌의 예언 1,베르나르 베르베르,열린책들,"판매지수 13,170",2023년 06월
7,23,제노사이드,다카노 가즈아키,황금가지,"판매지수 10,833",2012년 06월
7,24,그린 레터,황모과,다산북스,"판매지수 1,515",2024년 07월
7,25,종이 동물원,켄 리우,황금가지,"판매지수 7,821",2018년 11월
7,26,[예스리커버] 『당신 인생의 이야기』 + 『숨』 리커버 세트,테드 창,엘리,"판매지수 7,146",2024년 04월
7,27,2024 제7회 한국과학문학상 수상작품집,장민,허블,"판매지수 4,032",2024년 05월
7,28,종의 기원담,김보영,아작,"판매지수 8,652",2023년 06월
7,29,나는 입이 없다 그리고 나는 비명을 질러야 한다,이수현,아작,"판매지수 2,760",2017년 07월
7,30,듄 신장판 1,프랭크 허버트,황금가지,"판매지수 18,270",2021년 01월
7,31,스텔라 오디세이 트릴로지 세트,김보영,새파란상상 (파란미디어),"판매지수 3,504",2020년 05월
7,32,아르테미스,앤디 위어,알에이치코리아(RHK),"판매지수 6,282",2021년 05월
7,33,"그날, 그곳에서",이경희,안전가옥,"판매지수 2,028",2021년 01월
7,34,화씨 451,레이 브래드버리,황금가지,"판매지수 11,304",2009년 03월
7,35,어떤 물질의 사랑,천선란,아작,"판매지수 7,071",2020년 07월
7,36,라스트 젤리 샷,청예,허블,"판매지수 2,757",2023년 08월
7,37,미래로 가는 사람들,김보영,새파란상상 (파란미디어),"판매지수 3,954",2020년 05월
7,38,수확자,닐 셔스터먼,열린책들,"판매지수 8,778",2023년 02월
7,39,은하수를 여행하는 히치하이커를 위한 안내서 합본,더글러스 애덤스,책세상,"판매지수 8,313",2005년 12월
7,40,은하수를 여행하는 히치하이커를 위한 안내서 1,더글러스 애덤스,책세상,"판매지수 10,500",2004년 12월
7,41,수확자 시리즈 세트,닐 셔스터먼,열린책들,"판매지수 9,018",2023년 02월
7,42,목소리를 드릴게요,정세랑,아작,"판매지수 4,353",2020년 01월
7,43,미키7 소설 세트,에드워드 애슈턴,황금가지,"판매지수 8,538",2023년 11월
7,44,파피용,베르나르 베르베르,열린책들,"판매지수 4,074",2023년 12월
7,45,당신 인생의 이야기 (리커버),테드 창,엘리,"판매지수 7,236",2020년 01월
7,46,마지막 증명,이하진,안전가옥,"판매지수 3,228",2024년 01월
7,47,안드로이드는 전기양의 꿈을 꾸는가?,필립 K. 딕,폴라북스,"판매지수 6,228",2013년 09월
7,48,듄 신장판 2,프랭크 허버트,황금가지,"판매지수 6,888",2021년 01월
7,49,SF 보다 Vol.3 빛,단요,문학과지성사,판매지수 726,2024년 06월
7,50,지구 생물체는 항복하라,정보라,래빗홀,"판매지수 10,866",2024년 01월
7,51,해저 2만리,쥘 베른,작가정신,"판매지수 2,334",2009년 09월
7,52,청혼,배명훈,북하우스,"판매지수 2,808",2024년 04월
7,53,타나토노트 세트,베르나르 베르베르,열린책들,"판매지수 1,584",2000년 09월
7,54,당신이 보고 싶어하는 세상,장강명,문학동네,"판매지수 5,556",2023년 07월
7,55,쿼런틴,그렉 이건,허블,"판매지수 5,010",2022년 12월
7,56,행성 2,베르나르 베르베르,열린책들,"판매지수 1,584",2022년 05월
7,57,행성 1,베르나르 베르베르,열린책들,"판매지수 1,572",2022년 05월
7,58,다섯 번째 감각,김보영,아작,"판매지수 4,269",2022년 02월
7,59,고양이 2,베르나르 베르베르,열린책들,"판매지수 2,112",2018년 05월
7,60,미키7,에드워드 애슈턴,황금가지,"판매지수 5,052",2022년 07월
7,61,듄 신장판 3,프랭크 허버트,황금가지,"판매지수 3,264",2021년 01월
7,62,고양이 1,베르나르 베르베르,열린책들,"판매지수 2,352",2018년 05월
7,63,대멸종,시아란,안전가옥,판매지수 564,2019년 05월
7,64,미키7 : 반물질의 블루스,에드워드 애슈턴,황금가지,"판매지수 2,454",2023년 11월
7,65,기억 2,베르나르 베르베르,열린책들,"판매지수 1,536",2020년 05월
7,66,기억 1,베르나르 베르베르,열린책들,"판매지수 1,668",2020년 05월
7,67,우리는 어둠 속에서 얼마나 높이 닿을까,세쿼이아 나가마쓰,황금가지,판매지수 522,2024년 06월
7,68,30일의 밤,블레이크 크라우치,푸른숲,"판매지수 1,374",2022년 09월
7,69,문명 2,베르나르 베르베르,열린책들,"판매지수 2,154",2021년 05월
7,70,문명 1,베르나르 베르베르,열린책들,"판매지수 1,836",2021년 05월
7,71,뉴로맨서,윌리엄 깁슨,황금가지,"판매지수 2,178",2005년 05월
7,72,당신들은 이렇게 시간 전쟁에서 패배한다,아말 엘모흐타르,황금가지,"판매지수 1,740",2021년 07월
7,73,"땡스 갓, 잇츠 프라이데이",심너울,안전가옥,"판매지수 1,782",2020년 01월
7,74,제2회 한국과학문학상 수상작품집,김초엽,허블,"판매지수 2,304",2018년 03월
7,75,킨,옥타비아 버틀러,비채,"판매지수 2,082",2016년 05월
7,76,스코치 트라이얼,제임스 대시너,문학수첩,"판매지수 2,541",2012년 07월
7,77,종소리,닐 셔스터먼,열린책들,"판매지수 2,334",2023년 02월
7,78,악의 유전학,임야비,쌤앤파커스,"판매지수 1,332",2023년 09월
7,79,요람 행성,박해울,읻다,판매지수 510,2024년 07월
7,80,야생 조립체에 바치는 찬가,베키 체임버스,황금가지,판매지수 426,2024년 05월
7,81,나 같은 기계들,이언 매큐언,문학동네,"판매지수 1,284",2023년 08월
7,82,선더헤드,닐 셔스터먼,열린책들,"판매지수 2,712",2023년 02월
7,83,80일간의 세계일주,쥘 베른,열림원,"판매지수 1,092",2022년 06월
7,84,므레모사,김초엽,현대문학,"판매지수 2,544",2021년 12월
7,85,얼마나 닮았는가,김보영,아작,"판매지수 1,974",2020년 10월
7,86,유령해마,문목하,아작,"판매지수 1,770",2021년 04월
7,87,은하영웅전설 완전판 스페셜 박스 세트,다나카 요시키,디앤씨미디어(D&C미디어),"판매지수 1,164",2011년 10월
7,88,카누를 타고 파라다이스에 갈 때,이묵돌,해피북스투유,판매지수 306,2024년 07월
7,89,우주전쟁,허버트 조지 웰스,책세상,판매지수 798,2023년 02월
7,90,푸른 행성이 있었다,프랑수아 를로르,마시멜로,판매지수 720,2022년 11월
7,91,듄 신장판 4,프랭크 허버트,황금가지,"판매지수 1,986",2021년 01월
7,92,파운데이션,아이작 아시모프,황금가지,"판매지수 1,698",2013년 10월
7,93,은하수를 여행하는 히치하이커를 위한 안내서 3,더글러스 애덤스,책세상,"판매지수 2,070",2004년 12월
7,94,기니피그의 뱃살을 함부로 만지지 말라,이규락,아작,판매지수 396,2024년 07월
7,95,대여금고,그렉 이건,허블,"판매지수 2,862",2024년 02월
7,96,별의 계승자 3,제임스 P. 호건,아작,판매지수 756,2022년 06월
7,97,국립존엄보장센터,남유하,서해문집,"판매지수 4,152",2022년 05월
7,98,듄 신장판 5,프랭크 허버트,황금가지,"판매지수 1,602",2021년 01월
7,99,위치스 딜리버리,전삼혜,안전가옥,판매지수 690,2020년 08월
7,100,죽음 2,베르나르 베르베르,열린책들,"판매지수 1,128",2019년 05월
8,1,지구 끝의 온실,김초엽,자이언트북스,"판매지수 57,006",2021년 08월
8,2,천 개의 파랑,천선란,허블,"판매지수 55,245",2020년 08월
8,3,프로젝트 헤일메리,앤디 위어,알에이치코리아(RHK),"판매지수 60,555",2021년 05월
8,4,삼체 1~3 세트,류츠신,자음과모음,"판매지수 112,236",2024년 06월
8,5,[예스리커버] 우리가 빛의 속도로 갈 수 없다면,김초엽,허블,"판매지수 53,538",2019년 06월
8,6,은하수를 여행하는 히치하이커를 위한 안내서 1,더글러스 애덤스,책세상,"판매지수 10,500",2004년 12월
8,7,돌이킬 수 있는,문목하,아작,"판매지수 21,552",2018년 12월
8,8,오렌지와 빵칼,청예,허블,"판매지수 10,533",2024년 07월
8,9,2023년생,듀나,폴라북스,"판매지수 2,694",2024년 08월
8,10,저주토끼,정보라,래빗홀,"판매지수 25,566",2023년 04월
8,11,제노사이드,다카노 가즈아키,황금가지,"판매지수 10,833",2012년 06월
8,12,당신을 기다리고 있어,김보영,새파란상상 (파란미디어),"판매지수 11,112",2020년 05월
8,13,은하수를 여행하는 히치하이커를 위한 안내서 2,더글러스 애덤스,책세상,"판매지수 4,299",2004년 12월
8,14,당신 인생의 이야기,테드 창,엘리,"판매지수 19,269",2016년 10월
8,15,마션,앤디 위어,알에이치코리아(RHK),"판매지수 13,500",2021년 05월
8,16,국립존엄보장센터,남유하,서해문집,"판매지수 4,152",2022년 05월
8,17,심판,베르나르 베르베르,열린책들,"판매지수 17,298",2020년 08월
8,18,이끼숲,천선란,자이언트북스,"판매지수 9,246",2023년 05월
8,19,꿀벌의 예언 1,베르나르 베르베르,열린책들,"판매지수 13,170",2023년 06월
8,20,은하수를 여행하는 히치하이커를 위한 안내서 합본,더글러스 애덤스,책세상,"판매지수 8,313",2005년 12월
8,21,꿀벌의 예언 2,베르나르 베르베르,열린책들,"판매지수 13,176",2023년 06월
8,22,화씨 451,레이 브래드버리,황금가지,"판매지수 11,304",2009년 03월
8,23,첫사랑의 침공,권혁일,안전가옥,"판매지수 6,138",2024년 06월
8,24,숨,테드 창,엘리,"판매지수 10,953",2019년 05월
8,25,듄 신장판 전집 세트,프랭크 허버트,황금가지,"판매지수 28,932",2021년 01월
8,26,[예스리커버] 고양이 합본판,베르나르 베르베르,열린책들,"판매지수 5,898",2023년 04월
8,27,[예스리커버] 『당신 인생의 이야기』 + 『숨』 리커버 세트,테드 창,엘리,"판매지수 7,146",2024년 04월
8,28,당신에게 가고 있어,김보영,새파란상상 (파란미디어),"판매지수 4,920",2020년 05월
8,29,수확자,닐 셔스터먼,열린책들,"판매지수 8,778",2023년 02월
8,30,당신 인생의 이야기 (리커버),테드 창,엘리,"판매지수 7,236",2020년 01월
8,31,아르테미스,앤디 위어,알에이치코리아(RHK),"판매지수 6,282",2021년 05월
8,32,듄 신장판 1,프랭크 허버트,황금가지,"판매지수 18,270",2021년 01월
8,33,종의 기원담,김보영,아작,"판매지수 8,652",2023년 06월
8,34,은하수를 여행하는 히치하이커를 위한 안내서 3,더글러스 애덤스,책세상,"판매지수 2,070",2004년 12월
8,35,은하수를 여행하는 히치하이커를 위한 안내서 4,더글러스 애덤스,책세상,"판매지수 1,668",2005년 01월
8,36,종이 동물원,켄 리우,황금가지,"판매지수 7,821",2018년 11월
8,37,80일간의 세계 일주,쥘 베른,열린책들,"판매지수 2,214",2010년 12월
8,38,다섯 번째 감각,김보영,아작,"판매지수 4,269",2022년 02월
8,39,은하수를 여행하는 히치하이커를 위한 안내서 5,더글러스 애덤스,책세상,"판매지수 1,536",2005년 01월
8,40,어떤 물질의 사랑,천선란,아작,"판매지수 7,071",2020년 07월
8,41,은하수를 여행하는 히치하이커를 위한 안내서 6,오언 콜퍼,책세상,"판매지수 1,404",2010년 01월
8,42,은랑전,켄 리우,황금가지,"판매지수 4,008",2024년 06월
8,43,수확자 시리즈 세트,닐 셔스터먼,열린책들,"판매지수 9,018",2023년 02월
8,44,미래로 가는 사람들,김보영,새파란상상 (파란미디어),"판매지수 3,954",2020년 05월
8,45,나는 입이 없다 그리고 나는 비명을 질러야 한다,이수현,아작,"판매지수 2,760",2017년 07월
8,46,목소리를 드릴게요,정세랑,아작,"판매지수 4,353",2020년 01월
8,47,타나토노트 세트,베르나르 베르베르,열린책들,"판매지수 1,584",2000년 09월
8,48,안드로이드는 전기양의 꿈을 꾸는가?,필립 K. 딕,폴라북스,"판매지수 6,228",2013년 09월
8,49,미키7,에드워드 애슈턴,황금가지,"판매지수 5,052",2022년 07월
8,50,"아이, 로봇",아이작 아시모프,우리교육,"판매지수 6,327",2008년 07월
8,51,마지막 증명,이하진,안전가옥,"판매지수 3,228",2024년 01월
8,52,2024 제7회 한국과학문학상 수상작품집,장민,허블,"판매지수 4,032",2024년 05월
8,53,"그날, 그곳에서",이경희,안전가옥,"판매지수 2,028",2021년 01월
8,54,파피용,베르나르 베르베르,열린책들,"판매지수 4,074",2023년 12월
8,55,라스트 젤리 샷,청예,허블,"판매지수 2,757",2023년 08월
8,56,미키7 : 반물질의 블루스,에드워드 애슈턴,황금가지,"판매지수 2,454",2023년 11월
8,57,듄 신장판 2,프랭크 허버트,황금가지,"판매지수 6,888",2021년 01월
8,58,스코치 트라이얼,제임스 대시너,문학수첩,"판매지수 2,541",2012년 07월
8,59,스텔라 오디세이 트릴로지 세트,김보영,새파란상상 (파란미디어),"판매지수 3,504",2020년 05월
8,60,여성작가 SF 단편모음집,김지현 (아밀),온우주,판매지수 744,2018년 03월
8,61,SF 보다 Vol.3 빛,단요,문학과지성사,판매지수 726,2024년 06월
8,62,미키7 소설 세트,에드워드 애슈턴,황금가지,"판매지수 8,538",2023년 11월
8,63,청혼,배명훈,북하우스,"판매지수 2,808",2024년 04월
8,64,대여금고,그렉 이건,허블,"판매지수 2,862",2024년 02월
8,65,지구 생물체는 항복하라,정보라,래빗홀,"판매지수 10,866",2024년 01월
8,66,파운데이션 완전판 세트,아이작 아시모프,황금가지,"판매지수 3,816",2013년 10월
8,67,SF 명예의 전당 1,아이작 아시모프,오멜라스,"판매지수 1,512",2010년 06월
8,68,해저 2만리,쥘 베른,작가정신,"판매지수 2,334",2009년 09월
8,69,에일리언: 공허의 그림자,팀 레본,제우미디어,판매지수 744,2015년 12월
8,70,터널 103,유이제,창비,"판매지수 1,578",2024년 02월
8,71,행성 2,베르나르 베르베르,열린책들,"판매지수 1,584",2022년 05월
8,72,얼마나 닮았는가,김보영,아작,"판매지수 1,974",2020년 10월
8,73,킨,옥타비아 버틀러,비채,"판매지수 2,082",2016년 05월
8,74,타나토노트 1,베르나르 베르베르,열린책들,"판매지수 2,472",2000년 09월
8,75,그린 레터,황모과,다산북스,"판매지수 1,515",2024년 07월
8,76,행성 1,베르나르 베르베르,열린책들,"판매지수 1,572",2022년 05월
8,77,므레모사,김초엽,현대문학,"판매지수 2,544",2021년 12월
8,78,뉴로맨서,윌리엄 깁슨,황금가지,"판매지수 2,178",2005년 05월
8,79,콘택트 1,칼 에드워드 세이건,사이언스북스,"판매지수 1,548",2001년 12월
8,80,당신이 보고 싶어하는 세상,장강명,문학동네,"판매지수 5,556",2023년 07월
8,81,나는 슈뢰딩거의 고양이로소이다,원종우,아토포스,"판매지수 1,488",2019년 12월
8,82,고양이 1,베르나르 베르베르,열린책들,"판매지수 2,352",2018년 05월
8,83,콘택트 2,칼 에드워드 세이건,사이언스북스,"판매지수 1,416",2001년 12월
8,84,선더헤드,닐 셔스터먼,열린책들,"판매지수 2,712",2023년 02월
8,85,종소리,닐 셔스터먼,열린책들,"판매지수 2,334",2023년 02월
8,86,기억의 낙원,김상균,웅진지식하우스,"판매지수 1,500",2024년 08월
8,87,푸른 행성이 있었다,프랑수아 를로르,마시멜로,판매지수 720,2022년 11월
8,88,당신들은 이렇게 시간 전쟁에서 패배한다,아말 엘모흐타르,황금가지,"판매지수 1,740",2021년 07월
8,89,기억 2,베르나르 베르베르,열린책들,"판매지수 1,536",2020년 05월
8,90,소심한 사람들만 남았다,김이환,북다,"판매지수 1,566",2023년 06월
8,91,쿼런틴,그렉 이건,허블,"판매지수 5,010",2022년 12월
8,92,문명 2,베르나르 베르베르,열린책들,"판매지수 2,154",2021년 05월
8,93,듄 신장판 3,프랭크 허버트,황금가지,"판매지수 3,264",2021년 01월
8,94,부서진 대지 3부작 세트,N. K. 제미신,황금가지,"판매지수 1,746",2020년 11월
8,95,기억 1,베르나르 베르베르,열린책들,"판매지수 1,668",2020년 05월
8,96,타워,배명훈,문학과지성사,"판매지수 1,686",2020년 02월
8,97,고양이 2,베르나르 베르베르,열린책들,"판매지수 2,112",2018년 05월
8,98,시녀 이야기,마거릿 애트우드,황금가지,"판매지수 2,814",2018년 04월
8,99,스페이스 오디세이 완전판 세트,아서 C. 클라크,황금가지,"판매지수 1,080",2017년 02월
8,100,파운데이션,아이작 아시모프,황금가지,"판매지수 1,698",2013년 10월
9,1,삼체 1~3 세트,류츠신,자음과모음,"판매지수 112,236",2024년 06월
9,2,프로젝트 헤일메리,앤디 위어,알에이치코리아(RHK),"판매지수 60,555",2021년 05월
9,3,천 개의 파랑,천선란,허블,"판매지수 55,245",2020년 08월
9,4,지구 끝의 온실,김초엽,자이언트북스,"판매지수 57,006",2021년 08월
9,5,[예스리커버] 우리가 빛의 속도로 갈 수 없다면,김초엽,허블,"판매지수 53,538",2019년 06월
9,6,돌이킬 수 있는,문목하,아작,"판매지수 21,552",2018년 12월
9,7,저주토끼,정보라,래빗홀,"판매지수 25,566",2023년 04월
9,8,심판,베르나르 베르베르,열린책들,"판매지수 17,298",2020년 08월
9,9,오렌지와 빵칼,청예,허블,"판매지수 10,533",2024년 07월
9,10,미키7 소설 세트,에드워드 애슈턴,황금가지,"판매지수 8,538",2023년 11월
9,11,당신 인생의 이야기,테드 창,엘리,"판매지수 19,269",2016년 10월
9,12,은하수를 여행하는 히치하이커를 위한 안내서 1,더글러스 애덤스,책세상,"판매지수 10,500",2004년 12월
9,13,당신을 기다리고 있어,김보영,새파란상상 (파란미디어),"판매지수 11,112",2020년 05월
9,14,지구 생물체는 항복하라,정보라,래빗홀,"판매지수 10,866",2024년 01월
9,15,이끼숲,천선란,자이언트북스,"판매지수 9,246",2023년 05월
9,16,[예스리커버] 고양이 합본판,베르나르 베르베르,열린책들,"판매지수 5,898",2023년 04월
9,17,숨,테드 창,엘리,"판매지수 10,953",2019년 05월
9,18,마션,앤디 위어,알에이치코리아(RHK),"판매지수 13,500",2021년 05월
9,19,화씨 451,레이 브래드버리,황금가지,"판매지수 11,304",2009년 03월
9,20,제노사이드,다카노 가즈아키,황금가지,"판매지수 10,833",2012년 06월
9,21,첫사랑의 침공,권혁일,안전가옥,"판매지수 6,138",2024년 06월
9,22,듄 신장판 전집 세트,프랭크 허버트,황금가지,"판매지수 28,932",2021년 01월
9,23,미키7,에드워드 애슈턴,황금가지,"판매지수 5,052",2022년 07월
9,24,종이 동물원,켄 리우,황금가지,"판매지수 7,821",2018년 11월
9,25,안드로이드는 전기양의 꿈을 꾸는가?,필립 K. 딕,폴라북스,"판매지수 6,228",2013년 09월
9,26,수확자 시리즈 세트,닐 셔스터먼,열린책들,"판매지수 9,018",2023년 02월
9,27,꿀벌의 예언 1,베르나르 베르베르,열린책들,"판매지수 13,170",2023년 06월
9,28,꿀벌의 예언 2,베르나르 베르베르,열린책들,"판매지수 13,176",2023년 06월
9,29,종의 기원담,김보영,아작,"판매지수 8,652",2023년 06월
9,30,아르테미스,앤디 위어,알에이치코리아(RHK),"판매지수 6,282",2021년 05월
9,31,당신에게 가고 있어,김보영,새파란상상 (파란미디어),"판매지수 4,920",2020년 05월
9,32,스텔라 오디세이 트릴로지 세트,김보영,새파란상상 (파란미디어),"판매지수 3,504",2020년 05월
9,33,[예스리커버] 『당신 인생의 이야기』 + 『숨』 리커버 세트,테드 창,엘리,"판매지수 7,146",2024년 04월
9,34,은하수를 여행하는 히치하이커를 위한 안내서 2,더글러스 애덤스,책세상,"판매지수 4,299",2004년 12월
9,35,수확자,닐 셔스터먼,열린책들,"판매지수 8,778",2023년 02월
9,36,듄 신장판 1,프랭크 허버트,황금가지,"판매지수 18,270",2021년 01월
9,37,듄 신장판 2,프랭크 허버트,황금가지,"판매지수 6,888",2021년 01월
9,38,오늘 밤 황새가 당신을 찾아갑니다,이경,래빗홀,판매지수 738,2023년 09월
9,39,은하수를 여행하는 히치하이커를 위한 안내서 합본,더글러스 애덤스,책세상,"판매지수 8,313",2005년 12월
9,40,목소리를 드릴게요,정세랑,아작,"판매지수 4,353",2020년 01월
9,41,스파이라,김아인,허블,"판매지수 1,242",2024년 09월
9,42,"아이, 로봇",아이작 아시모프,우리교육,"판매지수 6,327",2008년 07월
9,43,타나토노트 1,베르나르 베르베르,열린책들,"판매지수 2,472",2000년 09월
9,44,80일간의 세계 일주,쥘 베른,열린책들,"판매지수 2,214",2010년 12월
9,45,파운데이션 완전판 세트,아이작 아시모프,황금가지,"판매지수 3,816",2013년 10월
9,46,어떤 물질의 사랑,천선란,아작,"판매지수 7,071",2020년 07월
9,47,나는 입이 없다 그리고 나는 비명을 질러야 한다,이수현,아작,"판매지수 2,760",2017년 07월
9,48,미키7 : 반물질의 블루스,에드워드 애슈턴,황금가지,"판매지수 2,454",2023년 11월
9,49,파피용,베르나르 베르베르,열린책들,"판매지수 4,074",2023년 12월
9,50,슈뢰딩거의 아이들,최의택,아작,판매지수 744,2021년 07월
9,51,"그날, 그곳에서",이경희,안전가옥,"판매지수 2,028",2021년 01월
9,52,시녀 이야기,마거릿 애트우드,황금가지,"판매지수 2,814",2018년 04월
9,53,타나토노트 2,베르나르 베르베르,열린책들,"판매지수 1,944",2000년 09월
9,54,은랑전,켄 리우,황금가지,"판매지수 4,008",2024년 06월
9,55,마지막 증명,이하진,안전가옥,"판매지수 3,228",2024년 01월
9,56,다섯 번째 감각,김보영,아작,"판매지수 4,269",2022년 02월
9,57,2024 제7회 한국과학문학상 수상작품집,장민,허블,"판매지수 4,032",2024년 05월
9,58,미래로 가는 사람들,김보영,새파란상상 (파란미디어),"판매지수 3,954",2020년 05월
9,59,해저 2만리,쥘 베른,작가정신,"판매지수 2,334",2009년 09월
9,60,국립존엄보장센터,남유하,서해문집,"판매지수 4,152",2022년 05월
9,61,에일리언: 공허의 그림자,팀 레본,제우미디어,판매지수 744,2015년 12월
9,62,듄 신장판 3,프랭크 허버트,황금가지,"판매지수 3,264",2021년 01월
9,63,당신 인생의 이야기 (리커버),테드 창,엘리,"판매지수 7,236",2020년 01월
9,64,은하수를 여행하는 히치하이커를 위한 안내서 3,더글러스 애덤스,책세상,"판매지수 2,070",2004년 12월
9,65,컬러 필드,박문영,안전가옥,판매지수 642,2023년 12월
9,66,얼마나 닮았는가,김보영,아작,"판매지수 1,974",2020년 10월
9,67,고양이 1,베르나르 베르베르,열린책들,"판매지수 2,352",2018년 05월
9,68,높은 성의 사내,필립 K. 딕,폴라북스,"판매지수 1,056",2011년 09월
9,69,2023년생,듀나,폴라북스,"판매지수 2,694",2024년 08월
9,70,터널 103,유이제,창비,"판매지수 1,578",2024년 02월
9,71,문명 2,베르나르 베르베르,열린책들,"판매지수 2,154",2021년 05월
9,72,문명 1,베르나르 베르베르,열린책들,"판매지수 1,836",2021년 05월
9,73,고양이 2,베르나르 베르베르,열린책들,"판매지수 2,112",2018년 05월
9,74,라스트 젤리 샷,청예,허블,"판매지수 2,757",2023년 08월
9,75,7인의 집행관,김보영,폴라북스,"판매지수 1,440",2023년 07월
9,76,당신이 보고 싶어하는 세상,장강명,문학동네,"판매지수 5,556",2023년 07월
9,77,쿼런틴,그렉 이건,허블,"판매지수 5,010",2022년 12월
9,78,당신들은 이렇게 시간 전쟁에서 패배한다,아말 엘모흐타르,황금가지,"판매지수 1,740",2021년 07월
9,79,"땡스 갓, 잇츠 프라이데이",심너울,안전가옥,"판매지수 1,782",2020년 01월
9,80,제2회 한국과학문학상 수상작품집,김초엽,허블,"판매지수 2,304",2018년 03월
9,81,은하수를 여행하는 히치하이커를 위한 안내서 6,오언 콜퍼,책세상,"판매지수 1,404",2010년 01월
9,82,기억의 낙원,김상균,웅진지식하우스,"판매지수 1,500",2024년 08월
9,83,나 같은 기계들,이언 매큐언,문학동네,"판매지수 1,284",2023년 08월
9,84,소심한 사람들만 남았다,김이환,북다,"판매지수 1,566",2023년 06월
9,85,선더헤드,닐 셔스터먼,열린책들,"판매지수 2,712",2023년 02월
9,86,내가 행복한 이유,그렉 이건,허블,"판매지수 1,788",2022년 08월
9,87,행성 2,베르나르 베르베르,열린책들,"판매지수 1,584",2022년 05월
9,88,므레모사,김초엽,현대문학,"판매지수 2,544",2021년 12월
9,89,듄 신장판 4,프랭크 허버트,황금가지,"판매지수 1,986",2021년 01월
9,90,깃털,김정혜진,허블,"판매지수 2,094",2020년 07월
9,91,파운데이션,아이작 아시모프,황금가지,"판매지수 1,698",2013년 10월
9,92,스코치 트라이얼,제임스 대시너,문학수첩,"판매지수 2,541",2012년 07월
9,93,은하영웅전설 완전판 스페셜 박스 세트,다나카 요시키,디앤씨미디어(D&C미디어),"판매지수 1,164",2011년 10월
9,94,콘택트 1,칼 에드워드 세이건,사이언스북스,"판매지수 1,548",2001년 12월
9,95,싱크 데이트,남지민,씨드북,판매지수 186,2024년 09월
9,96,청혼,배명훈,북하우스,"판매지수 2,808",2024년 04월
9,97,그러나 누군가는 더 검은 밤을 원한다,우다영,문학과지성사,"판매지수 2,106",2023년 12월
9,98,태초에 외계인이 지구를 평평하게 창조하였으니,문이소,안온북스,"판매지수 1,050",2023년 09월
9,99,말 없는 자들의 목소리,황모과,래빗홀,판매지수 984,2023년 08월
9,100,행성 1,베르나르 베르베르,열린책들,"판매지수 1,572",2022년 05월
10,1,저주토끼,정보라,래빗홀,"판매지수 25,566",2023년 04월
10,2,지구 끝의 온실,김초엽,자이언트북스,"판매지수 57,006",2021년 08월
10,3,천 개의 파랑,천선란,허블,"판매지수 55,245",2020년 08월
10,4,프로젝트 헤일메리,앤디 위어,알에이치코리아(RHK),"판매지수 60,555",2021년 05월
10,5,[예스리커버] 우리가 빛의 속도로 갈 수 없다면,김초엽,허블,"판매지수 53,538",2019년 06월
10,6,삼체 1~3 세트,류츠신,자음과모음,"판매지수 112,236",2024년 06월
10,7,돌이킬 수 있는,문목하,아작,"판매지수 21,552",2018년 12월
10,8,당신 인생의 이야기,테드 창,엘리,"판매지수 19,269",2016년 10월
10,9,심판,베르나르 베르베르,열린책들,"판매지수 17,298",2020년 08월
10,10,은하수를 여행하는 히치하이커를 위한 안내서 1,더글러스 애덤스,책세상,"판매지수 10,500",2004년 12월
10,11,마션,앤디 위어,알에이치코리아(RHK),"판매지수 13,500",2021년 05월
10,12,듄 신장판 전집 세트,프랭크 허버트,황금가지,"판매지수 28,932",2021년 01월
10,13,이끼숲,천선란,자이언트북스,"판매지수 9,246",2023년 05월
10,14,[예스리커버] 고양이 합본판,베르나르 베르베르,열린책들,"판매지수 5,898",2023년 04월
10,15,화씨 451,레이 브래드버리,황금가지,"판매지수 11,304",2009년 03월
10,16,오렌지와 빵칼,청예,허블,"판매지수 10,533",2024년 07월
10,17,미키7 소설 세트,에드워드 애슈턴,황금가지,"판매지수 8,538",2023년 11월
10,18,화이트블러드,임태운,시공사,"판매지수 1,800",2020년 12월
10,19,숨,테드 창,엘리,"판매지수 10,953",2019년 05월
10,20,안드로이드는 전기양의 꿈을 꾸는가?,필립 K. 딕,폴라북스,"판매지수 6,228",2013년 09월
10,21,사바삼사라 서 세트,김보영,디플롯,"판매지수 2,754",2024년 09월
10,22,꿀벌의 예언 2,베르나르 베르베르,열린책들,"판매지수 13,176",2023년 06월
10,23,제노사이드,다카노 가즈아키,황금가지,"판매지수 10,833",2012년 06월
10,24,당신을 기다리고 있어,김보영,새파란상상 (파란미디어),"판매지수 11,112",2020년 05월
10,25,꿀벌의 예언 1,베르나르 베르베르,열린책들,"판매지수 13,170",2023년 06월
10,26,첫사랑의 침공,권혁일,안전가옥,"판매지수 6,138",2024년 06월
10,27,종이 동물원,켄 리우,황금가지,"판매지수 7,821",2018년 11월
10,28,지구 생물체는 항복하라,정보라,래빗홀,"판매지수 10,866",2024년 01월
10,29,수확자 시리즈 세트,닐 셔스터먼,열린책들,"판매지수 9,018",2023년 02월
10,30,허공에서 춤추다,낸시 크레스,폴라북스,판매지수 870,2015년 11월
10,31,듄 신장판 1,프랭크 허버트,황금가지,"판매지수 18,270",2021년 01월
10,32,어떤 물질의 사랑,천선란,아작,"판매지수 7,071",2020년 07월
10,33,미키7,에드워드 애슈턴,황금가지,"판매지수 5,052",2022년 07월
10,34,[예스리커버] 『당신 인생의 이야기』 + 『숨』 리커버 세트,테드 창,엘리,"판매지수 7,146",2024년 04월
10,35,미래로 가는 사람들,김보영,새파란상상 (파란미디어),"판매지수 3,954",2020년 05월
10,36,아르테미스,앤디 위어,알에이치코리아(RHK),"판매지수 6,282",2021년 05월
10,37,스텔라 오디세이 트릴로지 세트,김보영,새파란상상 (파란미디어),"판매지수 3,504",2020년 05월
10,38,당신에게 가고 있어,김보영,새파란상상 (파란미디어),"판매지수 4,920",2020년 05월
10,39,일렉트릭 스테이트,시몬 스톨렌하그,황금가지,"판매지수 1,254",2019년 05월
10,40,페리퍼럴 1,윌리엄 깁슨,허블,"판매지수 2,328",2024년 11월
10,41,수확자,닐 셔스터먼,열린책들,"판매지수 8,778",2023년 02월
10,42,종의 기원담,김보영,아작,"판매지수 8,652",2023년 06월
10,43,타나토노트 1,베르나르 베르베르,열린책들,"판매지수 2,472",2000년 09월
10,44,스파이라,김아인,허블,"판매지수 1,242",2024년 09월
10,45,다섯 번째 감각,김보영,아작,"판매지수 4,269",2022년 02월
10,46,은하수를 여행하는 히치하이커를 위한 안내서 합본,더글러스 애덤스,책세상,"판매지수 8,313",2005년 12월
10,47,"아이, 로봇",아이작 아시모프,우리교육,"판매지수 6,327",2008년 07월
10,48,당신 인생의 이야기 (리커버),테드 창,엘리,"판매지수 7,236",2020년 01월
10,49,호,정보라,읻다,"판매지수 1,170",2023년 05월
10,50,청혼,배명훈,북하우스,"판매지수 2,808",2024년 04월
10,51,은하수를 여행하는 히치하이커를 위한 안내서 2,더글러스 애덤스,책세상,"판매지수 4,299",2004년 12월
10,52,세상을 끝내는 데 필요한 점프의 횟수,심너울,한끼,판매지수 432,2024년 09월
10,53,파피용,베르나르 베르베르,열린책들,"판매지수 4,074",2023년 12월
10,54,당신이 보고 싶어하는 세상,장강명,문학동네,"판매지수 5,556",2023년 07월
10,55,목소리를 드릴게요,정세랑,아작,"판매지수 4,353",2020년 01월
10,56,시녀 이야기,마거릿 애트우드,황금가지,"판매지수 2,814",2018년 04월
10,57,미키7 : 반물질의 블루스,에드워드 애슈턴,황금가지,"판매지수 2,454",2023년 11월
10,58,듄 신장판 2,프랭크 허버트,황금가지,"판매지수 6,888",2021년 01월
10,59,나는 입이 없다 그리고 나는 비명을 질러야 한다,이수현,아작,"판매지수 2,760",2017년 07월
10,60,이윽고 언어가 사라졌다,최이아,허블,판매지수 732,2024년 10월
10,61,슈뢰딩거의 아이들,최의택,아작,판매지수 744,2021년 07월
10,62,타나토노트 2,베르나르 베르베르,열린책들,"판매지수 1,944",2000년 09월
10,63,듄 신장판 3,프랭크 허버트,황금가지,"판매지수 3,264",2021년 01월
10,64,파운데이션 완전판 세트,아이작 아시모프,황금가지,"판매지수 3,816",2013년 10월
10,65,고양이 2,베르나르 베르베르,열린책들,"판매지수 2,112",2018년 05월
10,66,종소리,닐 셔스터먼,열린책들,"판매지수 2,334",2023년 02월
10,67,"그날, 그곳에서",이경희,안전가옥,"판매지수 2,028",2021년 01월
10,68,깃털,김정혜진,허블,"판매지수 2,094",2020년 07월
10,69,고양이 1,베르나르 베르베르,열린책들,"판매지수 2,352",2018년 05월
10,70,킨,옥타비아 버틀러,비채,"판매지수 2,082",2016년 05월
10,71,심장이 뇌를 찾고 있음,케이트 포크,모모,"판매지수 1,254",2024년 10월
10,72,오늘 밤 황새가 당신을 찾아갑니다,이경,래빗홀,판매지수 738,2023년 09월
10,73,미래과거시제,배명훈,북하우스,"판매지수 1,824",2023년 03월
10,74,기억 1,베르나르 베르베르,열린책들,"판매지수 1,668",2020년 05월
10,75,제2회 한국과학문학상 수상작품집,김초엽,허블,"판매지수 2,304",2018년 03월
10,76,해저 2만리,쥘 베른,작가정신,"판매지수 2,334",2009년 09월
10,77,마지막 증명,이하진,안전가옥,"판매지수 3,228",2024년 01월
10,78,라스트 젤리 샷,청예,허블,"판매지수 2,757",2023년 08월
10,79,7인의 집행관,김보영,폴라북스,"판매지수 1,440",2023년 07월
10,80,내가 행복한 이유,그렉 이건,허블,"판매지수 1,788",2022년 08월
10,81,기억 2,베르나르 베르베르,열린책들,"판매지수 1,536",2020년 05월
10,82,"땡스 갓, 잇츠 프라이데이",심너울,안전가옥,"판매지수 1,782",2020년 01월
10,83,은하수를 여행하는 히치하이커를 위한 안내서 4,더글러스 애덤스,책세상,"판매지수 1,668",2005년 01월
10,84,은하수를 여행하는 히치하이커를 위한 안내서 3,더글러스 애덤스,책세상,"판매지수 2,070",2004년 12월
10,85,사바삼사라 서 1,김보영,디플롯,판매지수 396,2024년 09월
10,86,2024 제7회 한국과학문학상 수상작품집,장민,허블,"판매지수 4,032",2024년 05월
10,87,막 너머에 신이 있다면,김준녕,허블,판매지수 990,2022년 08월
10,88,파운데이션,아이작 아시모프,황금가지,"판매지수 1,698",2013년 10월
10,89,은하수를 여행하는 히치하이커를 위한 안내서 5,더글러스 애덤스,책세상,"판매지수 1,536",2005년 01월
10,90,콘택트 1,칼 에드워드 세이건,사이언스북스,"판매지수 1,548",2001년 12월
10,91,쿼런틴,그렉 이건,허블,"판매지수 5,010",2022년 12월
10,92,당신들은 이렇게 시간 전쟁에서 패배한다,아말 엘모흐타르,황금가지,"판매지수 1,740",2021년 07월
10,93,우리는 이 별을 떠나기로 했어,천선란,허블,판매지수 540,2021년 03월
10,94,페리퍼럴 2,윌리엄 깁슨,허블,"판매지수 1,464",2024년 11월
10,95,은랑전,켄 리우,황금가지,"판매지수 4,008",2024년 06월
10,96,행성 1,베르나르 베르베르,열린책들,"판매지수 1,572",2022년 05월
10,97,부서진 대지 3부작 세트,N. K. 제미신,황금가지,"판매지수 1,746",2020년 11월
10,98,죽음 1,베르나르 베르베르,열린책들,"판매지수 1,014",2019년 05월
10,99,스페이스 오디세이 완전판 세트,아서 C. 클라크,황금가지,"판매지수 1,080",2017년 02월
10,100,좀비 서바이벌 가이드,맥스 브룩스,황금가지,판매지수 684,2011년 10월
11,1,프로젝트 헤일메리,앤디 위어,알에이치코리아(RHK),"판매지수 60,555",2021년 05월
11,2,천 개의 파랑,천선란,허블,"판매지수 55,245",2020년 08월
11,3,삼체 1~3 세트,류츠신,자음과모음,"판매지수 112,236",2024년 06월
11,4,지구 끝의 온실,김초엽,자이언트북스,"판매지수 57,006",2021년 08월
11,5,[예스리커버] 우리가 빛의 속도로 갈 수 없다면,김초엽,허블,"판매지수 53,538",2019년 06월
11,6,돌이킬 수 있는,문목하,아작,"판매지수 21,552",2018년 12월
11,7,당신 인생의 이야기,테드 창,엘리,"판매지수 19,269",2016년 10월
11,8,저주토끼,정보라,래빗홀,"판매지수 25,566",2023년 04월
11,9,심판,베르나르 베르베르,열린책들,"판매지수 17,298",2020년 08월
11,10,화씨 451,레이 브래드버리,황금가지,"판매지수 11,304",2009년 03월
11,11,숨,테드 창,엘리,"판매지수 10,953",2019년 05월
11,12,은하수를 여행하는 히치하이커를 위한 안내서 1,더글러스 애덤스,책세상,"판매지수 10,500",2004년 12월
11,13,마션,앤디 위어,알에이치코리아(RHK),"판매지수 13,500",2021년 05월
11,14,페리퍼럴 1,윌리엄 깁슨,허블,"판매지수 2,328",2024년 11월
11,15,오렌지와 빵칼,청예,허블,"판매지수 10,533",2024년 07월
11,16,이끼숲,천선란,자이언트북스,"판매지수 9,246",2023년 05월
11,17,어떤 물질의 사랑,천선란,아작,"판매지수 7,071",2020년 07월
11,18,듄 신장판 전집 세트,프랭크 허버트,황금가지,"판매지수 28,932",2021년 01월
11,19,종이 동물원,켄 리우,황금가지,"판매지수 7,821",2018년 11월
11,20,사바삼사라 서 세트,김보영,디플롯,"판매지수 2,754",2024년 09월
11,21,첫사랑의 침공,권혁일,안전가옥,"판매지수 6,138",2024년 06월
11,22,은하수를 여행하는 히치하이커를 위한 안내서 합본,더글러스 애덤스,책세상,"판매지수 8,313",2005년 12월
11,23,칩리스,김선미,한끼,"판매지수 3,288",2024년 10월
11,24,쿼런틴,그렉 이건,허블,"판매지수 5,010",2022년 12월
11,25,꿀벌의 예언 2,베르나르 베르베르,열린책들,"판매지수 13,176",2023년 06월
11,26,꿀벌의 예언 1,베르나르 베르베르,열린책들,"판매지수 13,170",2023년 06월
11,27,미키7 소설 세트,에드워드 애슈턴,황금가지,"판매지수 8,538",2023년 11월
11,28,헤르메스,야마다 무네키,빈페이지,"판매지수 3,030",2024년 12월
11,29,제노사이드,다카노 가즈아키,황금가지,"판매지수 10,833",2012년 06월
11,30,페리퍼럴 2,윌리엄 깁슨,허블,"판매지수 1,464",2024년 11월
11,31,당신을 기다리고 있어,김보영,새파란상상 (파란미디어),"판매지수 11,112",2020년 05월
11,32,죄의 끝,히가시야마 아키라,해피북스투유,"판매지수 1,404",2024년 11월
11,33,[예스리커버] 『당신 인생의 이야기』 + 『숨』 리커버 세트,테드 창,엘리,"판매지수 7,146",2024년 04월
11,34,안드로이드는 전기양의 꿈을 꾸는가?,필립 K. 딕,폴라북스,"판매지수 6,228",2013년 09월
11,35,듄 신장판 1,프랭크 허버트,황금가지,"판매지수 18,270",2021년 01월
11,36,[예스리커버] 고양이 합본판,베르나르 베르베르,열린책들,"판매지수 5,898",2023년 04월
11,37,수확자 시리즈 세트,닐 셔스터먼,열린책들,"판매지수 9,018",2023년 02월
11,38,당신 인생의 이야기 (리커버),테드 창,엘리,"판매지수 7,236",2020년 01월
11,39,아르테미스,앤디 위어,알에이치코리아(RHK),"판매지수 6,282",2021년 05월
11,40,은하수를 여행하는 히치하이커를 위한 안내서 2,더글러스 애덤스,책세상,"판매지수 4,299",2004년 12월
11,41,종의 기원담,김보영,아작,"판매지수 8,652",2023년 06월
11,42,미래로 가는 사람들,김보영,새파란상상 (파란미디어),"판매지수 3,954",2020년 05월
11,43,다섯 번째 감각,김보영,아작,"판매지수 4,269",2022년 02월
11,44,나는 입이 없다 그리고 나는 비명을 질러야 한다,이수현,아작,"판매지수 2,760",2017년 07월
11,45,타나토노트 1,베르나르 베르베르,열린책들,"판매지수 2,472",2000년 09월
11,46,므레모사,김초엽,현대문학,"판매지수 2,544",2021년 12월
11,47,화이트블러드,임태운,시공사,"판매지수 1,800",2020년 12월
11,48,목소리를 드릴게요,정세랑,아작,"판매지수 4,353",2020년 01월
11,49,스텔라 오디세이 트릴로지 세트,김보영,새파란상상 (파란미디어),"판매지수 3,504",2020년 05월
11,50,일렉트릭 스테이트,시몬 스톨렌하그,황금가지,"판매지수 1,254",2019년 05월
11,51,미키7,에드워드 애슈턴,황금가지,"판매지수 5,052",2022년 07월
11,52,시녀 이야기,마거릿 애트우드,황금가지,"판매지수 2,814",2018년 04월
11,53,"아이, 로봇",아이작 아시모프,우리교육,"판매지수 6,327",2008년 07월
11,54,뉴로맨서,윌리엄 깁슨,황금가지,"판매지수 2,178",2005년 05월
11,55,심장이 뇌를 찾고 있음,케이트 포크,모모,"판매지수 1,254",2024년 10월
11,56,파피용,베르나르 베르베르,열린책들,"판매지수 4,074",2023년 12월
11,57,지구 생물체는 항복하라,정보라,래빗홀,"판매지수 10,866",2024년 01월
11,58,수확자,닐 셔스터먼,열린책들,"판매지수 8,778",2023년 02월
11,59,"그날, 그곳에서",이경희,안전가옥,"판매지수 2,028",2021년 01월
11,60,제2회 한국과학문학상 수상작품집,김초엽,허블,"판매지수 2,304",2018년 03월
11,61,타나토노트 2,베르나르 베르베르,열린책들,"판매지수 1,944",2000년 09월
11,62,당신에게 가고 있어,김보영,새파란상상 (파란미디어),"판매지수 4,920",2020년 05월
11,63,당신이 보고 싶어하는 세상,장강명,문학동네,"판매지수 5,556",2023년 07월
11,64,듄 신장판 2,프랭크 허버트,황금가지,"판매지수 6,888",2021년 01월
11,65,킨,옥타비아 버틀러,비채,"판매지수 2,082",2016년 05월
11,66,파운데이션 완전판 세트,아이작 아시모프,황금가지,"판매지수 3,816",2013년 10월
11,67,이윽고 언어가 사라졌다,최이아,허블,판매지수 732,2024년 10월
11,68,모르페우스의 문,소향,고즈넉이엔티,판매지수 666,2024년 11월
11,69,라스트 젤리 샷,청예,허블,"판매지수 2,757",2023년 08월
11,70,부서진 대지 3부작 세트,N. K. 제미신,황금가지,"판매지수 1,746",2020년 11월
11,71,듄 신장판 4,프랭크 허버트,황금가지,"판매지수 1,986",2021년 01월
11,72,해저 2만리,쥘 베른,작가정신,"판매지수 2,334",2009년 09월
11,73,스파이라,김아인,허블,"판매지수 1,242",2024년 09월
11,74,청혼,배명훈,북하우스,"판매지수 2,808",2024년 04월
11,75,마지막 증명,이하진,안전가옥,"판매지수 3,228",2024년 01월
11,76,듄 신장판 3,프랭크 허버트,황금가지,"판매지수 3,264",2021년 01월
11,77,콘택트 2,칼 에드워드 세이건,사이언스북스,"판매지수 1,416",2001년 12월
11,78,콘택트 1,칼 에드워드 세이건,사이언스북스,"판매지수 1,548",2001년 12월
11,79,노인의 전쟁,존 스칼지,샘터,판매지수 906,2009년 01월
11,80,은하수를 여행하는 히치하이커를 위한 안내서 4,더글러스 애덤스,책세상,"판매지수 1,668",2005년 01월
11,81,은하수를 여행하는 히치하이커를 위한 안내서 3,더글러스 애덤스,책세상,"판매지수 2,070",2004년 12월
11,82,선더헤드,닐 셔스터먼,열린책들,"판매지수 2,712",2023년 02월
11,83,듄 신장판 5,프랭크 허버트,황금가지,"판매지수 1,602",2021년 01월
11,84,라마와의 랑데부,아서 C. 클라크,아작,"판매지수 1,944",2017년 03월
11,85,스코치 트라이얼,제임스 대시너,문학수첩,"판매지수 2,541",2012년 07월
11,86,SF 명예의 전당 1,아이작 아시모프,오멜라스,"판매지수 1,512",2010년 06월
11,87,인간들 이야기,이스카리 유바,리드비(READbie),판매지수 549,2024년 10월
11,88,그러나 누군가는 더 검은 밤을 원한다,우다영,문학과지성사,"판매지수 2,106",2023년 12월
11,89,미키7 : 반물질의 블루스,에드워드 애슈턴,황금가지,"판매지수 2,454",2023년 11월
11,90,종소리,닐 셔스터먼,열린책들,"판매지수 2,334",2023년 02월
11,91,얼마나 닮았는가,김보영,아작,"판매지수 1,974",2020년 10월
11,92,팬데믹,김초엽,문학과지성사,판매지수 936,2020년 09월
11,93,기억 1,베르나르 베르베르,열린책들,"판매지수 1,668",2020년 05월
11,94,고양이 2,베르나르 베르베르,열린책들,"판매지수 2,112",2018년 05월
11,95,은하수를 여행하는 히치하이커를 위한 안내서 6,오언 콜퍼,책세상,"판매지수 1,404",2010년 01월
11,96,은하수를 여행하는 히치하이커를 위한 안내서 5,더글러스 애덤스,책세상,"판매지수 1,536",2005년 01월
11,97,목소리의 증명,단요,위즈덤하우스,판매지수 324,2024년 10월
11,98,기억의 낙원,김상균,웅진지식하우스,"판매지수 1,500",2024년 08월
11,99,게임 체인저,닐 셔스터먼,열린책들,"판매지수 1,212",2024년 02월
11,100,호,정보라,읻다,"판매지수 1,170",2023년 05월
12,1,프로젝트 헤일메리,앤디 위어,알에이치코리아(RHK),"판매지수 60,555",2021년 05월
12,2,[예스리커버] 우리가 빛의 속도로 갈 수 없다면,김초엽,허블,"판매지수 53,538",2019년 06월
12,3,삼체 1~3 세트,류츠신,자음과모음,"판매지수 112,236",2024년 06월
12,4,천 개의 파랑,천선란,허블,"판매지수 55,245",2020년 08월
12,5,지구 끝의 온실,김초엽,자이언트북스,"판매지수 57,006",2021년 08월
12,6,에너미 마인,배리 B. 롱이어,허블,"판매지수 7,047",2024년 12월
12,7,돌이킬 수 있는,문목하,아작,"판매지수 21,552",2018년 12월
12,8,저주토끼,정보라,래빗홀,"판매지수 25,566",2023년 04월
12,9,당신 인생의 이야기,테드 창,엘리,"판매지수 19,269",2016년 10월
12,10,심판,베르나르 베르베르,열린책들,"판매지수 17,298",2020년 08월
12,11,은하수를 여행하는 히치하이커를 위한 안내서 합본,더글러스 애덤스,책세상,"판매지수 8,313",2005년 12월
12,12,마션,앤디 위어,알에이치코리아(RHK),"판매지수 13,500",2021년 05월
12,13,제노사이드,다카노 가즈아키,황금가지,"판매지수 10,833",2012년 06월
12,14,수확자 시리즈 세트,닐 셔스터먼,열린책들,"판매지수 9,018",2023년 02월
12,15,듄 신장판 전집 세트,프랭크 허버트,황금가지,"판매지수 28,932",2021년 01월
12,16,화씨 451,레이 브래드버리,황금가지,"판매지수 11,304",2009년 03월
12,17,수확자,닐 셔스터먼,열린책들,"판매지수 8,778",2023년 02월
12,18,오렌지와 빵칼,청예,허블,"판매지수 10,533",2024년 07월
12,19,아르테미스,앤디 위어,알에이치코리아(RHK),"판매지수 6,282",2021년 05월
12,20,숨,테드 창,엘리,"판매지수 10,953",2019년 05월
12,21,헤르메스,야마다 무네키,빈페이지,"판매지수 3,030",2024년 12월
12,22,꿀벌의 예언 1,베르나르 베르베르,열린책들,"판매지수 13,170",2023년 06월
12,23,이끼숲,천선란,자이언트북스,"판매지수 9,246",2023년 05월
12,24,꿀벌의 예언 2,베르나르 베르베르,열린책들,"판매지수 13,176",2023년 06월
12,25,어떤 물질의 사랑,천선란,아작,"판매지수 7,071",2020년 07월
12,26,미키7 소설 세트,에드워드 애슈턴,황금가지,"판매지수 8,538",2023년 11월
12,27,듄 신장판 1,프랭크 허버트,황금가지,"판매지수 18,270",2021년 01월
12,28,첫사랑의 침공,권혁일,안전가옥,"판매지수 6,138",2024년 06월
12,29,은하수를 여행하는 히치하이커를 위한 안내서 1,더글러스 애덤스,책세상,"판매지수 10,500",2004년 12월
12,30,[예스리커버] 『당신 인생의 이야기』 + 『숨』 리커버 세트,테드 창,엘리,"판매지수 7,146",2024년 04월
12,31,[예스리커버] 고양이 합본판,베르나르 베르베르,열린책들,"판매지수 5,898",2023년 04월
12,32,쿼런틴,그렉 이건,허블,"판매지수 5,010",2022년 12월
12,33,사바삼사라 서 세트,김보영,디플롯,"판매지수 2,754",2024년 09월
12,34,당신 인생의 이야기 (리커버),테드 창,엘리,"판매지수 7,236",2020년 01월
12,35,당신을 기다리고 있어,김보영,새파란상상 (파란미디어),"판매지수 11,112",2020년 05월
12,36,칩리스,김선미,한끼,"판매지수 3,288",2024년 10월
12,37,종의 기원담,김보영,아작,"판매지수 8,652",2023년 06월
12,38,파운데이션 완전판 세트,아이작 아시모프,황금가지,"판매지수 3,816",2013년 10월
12,39,안드로이드는 전기양의 꿈을 꾸는가?,필립 K. 딕,폴라북스,"판매지수 6,228",2013년 09월
12,40,대여금고,그렉 이건,허블,"판매지수 2,862",2024년 02월
12,41,종이 동물원,켄 리우,황금가지,"판매지수 7,821",2018년 11월
12,42,시녀 이야기,마거릿 애트우드,황금가지,"판매지수 2,814",2018년 04월
12,43,파피용,베르나르 베르베르,열린책들,"판매지수 4,074",2023년 12월
12,44,심장이 뇌를 찾고 있음,케이트 포크,모모,"판매지수 1,254",2024년 10월
12,45,다섯 번째 감각,김보영,아작,"판매지수 4,269",2022년 02월
12,46,"아이, 로봇",아이작 아시모프,우리교육,"판매지수 6,327",2008년 07월
12,47,타나토노트 1,베르나르 베르베르,열린책들,"판매지수 2,472",2000년 09월
12,48,페리퍼럴 1,윌리엄 깁슨,허블,"판매지수 2,328",2024년 11월
12,49,미키7,에드워드 애슈턴,황금가지,"판매지수 5,052",2022년 07월
12,50,은하수를 여행하는 히치하이커를 위한 안내서 2,더글러스 애덤스,책세상,"판매지수 4,299",2004년 12월
12,51,타나토노트 2,베르나르 베르베르,열린책들,"판매지수 1,944",2000년 09월
12,52,기억의 낙원,김상균,웅진지식하우스,"판매지수 1,500",2024년 08월
12,53,지구 생물체는 항복하라,정보라,래빗홀,"판매지수 10,866",2024년 01월
12,54,목소리를 드릴게요,정세랑,아작,"판매지수 4,353",2020년 01월
12,55,스위트 솔티,황모과,문학과지성사,판매지수 933,2024년 11월
12,56,스텔라 오디세이 트릴로지 세트,김보영,새파란상상 (파란미디어),"판매지수 3,504",2020년 05월
12,57,당신에게 가고 있어,김보영,새파란상상 (파란미디어),"판매지수 4,920",2020년 05월
12,58,타워,배명훈,문학과지성사,"판매지수 1,686",2020년 02월
12,59,청혼,배명훈,북하우스,"판매지수 2,808",2024년 04월
12,60,마지막 증명,이하진,안전가옥,"판매지수 3,228",2024년 01월
12,61,화이트블러드,임태운,시공사,"판매지수 1,800",2020년 12월
12,62,미래로 가는 사람들,김보영,새파란상상 (파란미디어),"판매지수 3,954",2020년 05월
12,63,선더헤드,닐 셔스터먼,열린책들,"판매지수 2,712",2023년 02월
12,64,므레모사,김초엽,현대문학,"판매지수 2,544",2021년 12월
12,65,문명 2,베르나르 베르베르,열린책들,"판매지수 2,154",2021년 05월
12,66,부서진 대지 3부작 세트,N. K. 제미신,황금가지,"판매지수 1,746",2020년 11월
12,67,페리퍼럴 2,윌리엄 깁슨,허블,"판매지수 1,464",2024년 11월
12,68,듄 신장판 2,프랭크 허버트,황금가지,"판매지수 6,888",2021년 01월
12,69,미래과거시제,배명훈,북하우스,"판매지수 1,824",2023년 03월
12,70,"그날, 그곳에서",이경희,안전가옥,"판매지수 2,028",2021년 01월
12,71,화성 연대기,레이 브래드버리,현대문학,판매지수 972,2020년 08월
12,72,라마와의 랑데부,아서 C. 클라크,아작,"판매지수 1,944",2017년 03월
12,73,죄의 끝,히가시야마 아키라,해피북스투유,"판매지수 1,404",2024년 11월
12,74,스코치 트라이얼,제임스 대시너,문학수첩,"판매지수 2,541",2012년 07월
12,75,은하수를 여행하는 히치하이커를 위한 안내서 3,더글러스 애덤스,책세상,"판매지수 2,070",2004년 12월
12,76,종소리,닐 셔스터먼,열린책들,"판매지수 2,334",2023년 02월
12,77,얼마나 닮았는가,김보영,아작,"판매지수 1,974",2020년 10월
12,78,파운데이션,아이작 아시모프,황금가지,"판매지수 1,698",2013년 10월
12,79,은하수를 여행하는 히치하이커를 위한 안내서 5,더글러스 애덤스,책세상,"판매지수 1,536",2005년 01월
12,80,라스트 젤리 샷,청예,허블,"판매지수 2,757",2023년 08월
12,81,노 휴먼스 랜드,김정,창비,"판매지수 3,462",2023년 07월
12,82,팬데믹,김초엽,문학과지성사,판매지수 936,2020년 09월
12,83,"땡스 갓, 잇츠 프라이데이",심너울,안전가옥,"판매지수 1,782",2020년 01월
12,84,멋진 신세계,올더스 헉슬리,소담출판사,"판매지수 1,482",2019년 09월
12,85,고양이 1,베르나르 베르베르,열린책들,"판매지수 2,352",2018년 05월
12,86,은하수를 여행하는 히치하이커를 위한 안내서 6,오언 콜퍼,책세상,"판매지수 1,404",2010년 01월
12,87,뉴로맨서,윌리엄 깁슨,황금가지,"판매지수 2,178",2005년 05월
12,88,은하수를 여행하는 히치하이커를 위한 안내서 4,더글러스 애덤스,책세상,"판매지수 1,668",2005년 01월
12,89,30일의 밤,블레이크 크라우치,푸른숲,"판매지수 1,374",2022년 09월
12,90,지구에서 달까지,쥘 베른,열림원,"판매지수 1,140",2022년 06월
12,91,문명 1,베르나르 베르베르,열린책들,"판매지수 1,836",2021년 05월
12,92,듄 신장판 5,프랭크 허버트,황금가지,"판매지수 1,602",2021년 01월
12,93,신세계에서 2,기시 유스케,해냄,"판매지수 1,272",2020년 11월
12,94,신세계에서 1,기시 유스케,해냄,"판매지수 1,284",2020년 11월
12,95,저 이승의 선지자,김보영,아작,판매지수 750,2017년 06월
12,96,2001 스페이스 오디세이,아서 C. 클라크,황금가지,"판매지수 1,164",2017년 02월
12,97,은하영웅전설 완전판 스페셜 박스 세트,다나카 요시키,디앤씨미디어(D&C미디어),"판매지수 1,164",2011년 10월
12,98,달은 무자비한 밤의 여왕,로버트 A. 하인라인,황금가지,"판매지수 1,008",2009년 04월
12,99,소심한 사람들만 남았다,김이환,북다,"판매지수 1,566",2023년 06월
12,100,모르페우스의 문,소향,고즈넉이엔티,판매지수 666,2024년 11월
