Month,순위,제목,저자,출판사,판매지수,출판 년월,Genre
1,1,메리골드 마음 사진관,윤정은,북로망스,"판매지수 58,089",2024년 01월,Fantasy
1,2,세상의 마지막 기차역,무라세 다케시,모모,"판매지수 133,161",2022년 05월,Fantasy
1,3,"오늘 밤, 거짓말의 세계에서 잊을 수 없는 사랑을",이치조 미사키,모모,"판매지수 28,656",2023년 11월,Romance
1,4,해리포터와 마법사의 돌 1,J.K. 롤링,문학수첩,"판매지수 35,988",2019년 11월,Fantasy
1,5,수상한 한의원,배명은,텍스티(TXTY),"판매지수 35,157",2024년 01월,Fantasy
1,6,살인자의 쇼핑몰,강지영,자음과모음,"판매지수 16,326",2020년 02월,Mystery
1,7,눈에 갇힌 외딴 산장에서,히가시노 게이고,재인,"판매지수 19,443",2023년 07월,Mystery
1,8,요괴어사 2,설민석,단꿈아이,"판매지수 14,124",2023년 12월,Fantasy
1,9,달러구트 꿈 백화점,이미예,팩토리나인,"판매지수 59,394",2020년 07월,Fantasy
1,10,"칵테일, 러브, 좀비",조예은,안전가옥,"판매지수 48,930",2020년 04월,Mystery
1,11,해리포터와 마법사의 돌 2,J.K. 롤링,문학수첩,"판매지수 30,108",2019년 11월,Fantasy
1,12,달러구트 꿈 백화점 2,이미예,팩토리나인,"판매지수 40,743",2021년 07월,Fantasy
1,13,살인자의 쇼핑몰 2,강지영,자음과모음,"판매지수 13,248",2023년 07월,Mystery
1,14,말하고 싶은 비밀,사쿠라 이이요,모모,"판매지수 37,827",2023년 12월,Romance
1,15,지구 끝의 온실,김초엽,자이언트북스,"판매지수 57,006",2021년 08월,SF
1,16,고려거란전쟁 (상),길승수,들녘,"판매지수 6,618",2023년 11월,History
1,17,용의자 X의 헌신,히가시노 게이고,재인,"판매지수 48,414",2017년 08월,Mystery
1,18,위시,니콜라스 스파크스,모모,"판매지수 11,676",2023년 12월,Romance
1,19,봄그늘 1~5 세트,김차차,파란 (파란미디어),"판매지수 5,916",2024년 02월,Romance
1,20,[예스리커버] 우리가 빛의 속도로 갈 수 없다면,김초엽,허블,"판매지수 53,538",2019년 06월,SF
1,21,고려거란전쟁 (하),길승수,들녘,"판매지수 6,234",2023년 11월,History
1,22,천 개의 파랑,천선란,허블,"판매지수 55,245",2020년 08월,SF
1,23,프로젝트 헤일메리,앤디 위어,알에이치코리아(RHK),"판매지수 60,555",2021년 05월,SF
1,24,해리포터와 비밀의 방 1,J.K. 롤링,문학수첩,"판매지수 19,068",2019년 11월,Fantasy
1,25,요괴어사,설민석,단꿈아이,"판매지수 7,512",2023년 04월,Fantasy
1,26,해리포터와 비밀의 방 2,J.K. 롤링,문학수첩,"판매지수 17,712",2019년 11월,Fantasy
1,27,잘못된 장소 잘못된 시간,질리언 매캘리스터,시옷북스,"판매지수 29,916",2023년 07월,Mystery
1,28,해리 포터와 아즈카반의 죄수 : 미나리마 에디션,J.K. 롤링,문학수첩,"판매지수 21,231",2023년 10월,Fantasy
1,29,꿀벌의 예언 2,베르나르 베르베르,열린책들,"판매지수 13,176",2023년 06월,SF
1,30,악의,히가시노 게이고,현대문학,"판매지수 30,816",2019년 07월,Mystery
1,31,꿀벌의 예언 1,베르나르 베르베르,열린책들,"판매지수 13,170",2023년 06월,SF
1,32,심판,베르나르 베르베르,열린책들,"판매지수 17,298",2020년 08월,SF
1,33,나와 너의 365일,유이하,모모,"판매지수 17,976",2023년 03월,Romance
1,34,해리 포터 마법 연감,J.K. 롤링,문학수첩,"판매지수 12,876",2023년 12월,Fantasy
1,35,세상 끝의 살인,아라키 아카네,북스피어,"판매지수 4,332",2023년 12월,Mystery
1,36,해리포터와 아즈카반의 죄수 2,J.K. 롤링,문학수첩,"판매지수 13,218",2019년 11월,Fantasy
1,37,해리포터와 아즈카반의 죄수 1,J.K. 롤링,문학수첩,"판매지수 13,632",2019년 11월,Fantasy
1,38,전지적 독자 시점 PART 1 - 01,싱숑,비채,"판매지수 19,179",2022년 01월,Fantasy
1,39,전지적 독자 시점 PART 5 - 02,싱숑,비채,"판매지수 15,792",2023년 09월,Fantasy
1,40,이문열 삼국지 세트,이문열,알에이치코리아(RHK),"판매지수 14,082",2020년 03월,History
1,41,전지적 독자 시점 PART 5 - 01,싱숑,비채,"판매지수 15,396",2023년 09월,Fantasy
1,42,전지적 독자 시점 PART 4 - 04,싱숑,비채,"판매지수 15,084",2023년 09월,Fantasy
1,43,전지적 독자 시점 PART 1 - 02,싱숑,비채,"판매지수 16,500",2022년 01월,Fantasy
1,44,전지적 독자 시점 PART 4 - 03,싱숑,비채,"판매지수 15,024",2023년 09월,Fantasy
1,45,해리포터와 불의 잔 1,J.K. 롤링,문학수첩,"판매지수 12,006",2019년 11월,Fantasy
1,46,전지적 독자 시점 PART 3 - 01,싱숑,비채,"판매지수 15,684",2023년 01월,Fantasy
1,47,전지적 독자 시점 PART 4 - 02,싱숑,비채,"판매지수 15,126",2023년 09월,Fantasy
1,48,전지적 독자 시점 PART 1 - 08,싱숑,비채,"판매지수 14,304",2022년 01월,Fantasy
1,49,해리 포터와 비밀의 방 : 미나리마 에디션,J.K. 롤링,문학수첩,"판매지수 16,338",2021년 10월,Fantasy
1,50,해리포터와 불의 잔 4,J.K. 롤링,문학수첩,"판매지수 10,890",2019년 11월,Fantasy
1,51,해리포터와 불의 잔 3,J.K. 롤링,문학수첩,"판매지수 10,986",2019년 11월,Fantasy
1,52,해리포터와 불의 잔 2,J.K. 롤링,문학수첩,"판매지수 11,706",2019년 11월,Fantasy
1,53,달의 아이,최윤석,포레스트북스,"판매지수 9,312",2023년 09월,Fantasy
1,54,듄의 세계,톰 허들스턴,황금가지,"판매지수 6,672",2024년 01월,SF
1,55,전지적 독자 시점 PART 4 - 01,싱숑,비채,"판매지수 14,712",2023년 09월,Fantasy
1,56,전지적 독자 시점 PART 3 - 02,싱숑,비채,"판매지수 15,498",2023년 01월,Fantasy
1,57,재와 물거품,김청귤,안전가옥,"판매지수 18,366",2021년 05월,Fantasy
1,58,전지적 독자 시점 PART 1 - 03,싱숑,비채,"판매지수 15,264",2022년 01월,Fantasy
1,59,전지적 독자 시점 PART 3 - 03,싱숑,비채,"판매지수 15,090",2023년 01월,Fantasy
1,60,해리포터 1~4부 세트,J.K. 롤링,문학수첩,"판매지수 10,554",2019년 11월,Fantasy
1,61,라플라스의 마녀,히가시노 게이고,현대문학,"판매지수 18,531",2016년 01월,Mystery
1,62,이번 생은 가주가 되겠습니다 1~5 세트,김로아,디앤씨미디어(D&C미디어),"판매지수 3,780",2024년 01월,Romance
1,63,전지적 독자 시점 PART 2 - 03,싱숑,비채,"판매지수 15,672",2023년 01월,Fantasy
1,64,전지적 독자 시점 PART 2 - 02,싱숑,비채,"판매지수 15,576",2023년 01월,Fantasy
1,65,전지적 독자 시점 PART 2 - 01,싱숑,비채,"판매지수 15,270",2023년 01월,Fantasy
1,66,전지적 독자 시점 PART 1 - 07,싱숑,비채,"판매지수 13,566",2022년 01월,Fantasy
1,67,가면산장 살인사건,히가시노 게이고,재인,"판매지수 16,269",2014년 09월,Mystery
1,68,작별의 건너편,시미즈 하루키,모모,"판매지수 8,400",2023년 05월,Fantasy
1,69,전지적 독자 시점 PART 1 - 05,싱숑,비채,"판매지수 13,602",2022년 01월,Fantasy
1,70,전지적 독자 시점 PART 1 - 04,싱숑,비채,"판매지수 14,394",2022년 01월,Fantasy
1,71,전지적 독자 시점 PART 1 - 06,싱숑,비채,"판매지수 13,866",2022년 01월,Fantasy
1,72,해리포터 5~7부 세트,J.K. 롤링,문학수첩,"판매지수 12,558",2020년 02월,Fantasy
1,73,그리고 아무도 없었다,애거사 크리스티,황금가지,"판매지수 24,378",2013년 12월,Mystery
1,74,카지노,김진명,새움,"판매지수 20,130",2022년 12월,Mystery
1,75,페어워닝,마이클 코넬리,알에이치코리아(RHK),"판매지수 4,422",2024년 01월,Mystery
1,76,전지적 독자 시점 PART 4&5 : 굿즈키트 세트,싱숑,비채,"판매지수 7,902",2023년 09월,Fantasy
1,77,해피엔딩에서 너를 기다릴게,산다 치에,알에이치코리아(RHK),"판매지수 13,239",2023년 01월,Romance
1,78,당신 인생의 이야기 (리커버),테드 창,엘리,"판매지수 7,236",2020년 01월,SF
1,79,저주토끼,정보라,래빗홀,"판매지수 25,566",2023년 04월,SF
1,80,백광,렌죠 미키히코,모모,"판매지수 13,392",2022년 02월,Mystery
1,81,"나는 내일, 어제의 너와 만난다",나나츠키 타카후미,영상출판미디어,"판매지수 10,890",2016년 02월,Romance
1,82,너는 달밤에 빛나고,사노 테츠야,디앤씨미디어(D&C미디어),"판매지수 9,828",2018년 04월,Romance
1,83,너의 췌장을 먹고 싶어 (일반판),스미노 요루,소미미디어,"판매지수 11,436",2017년 04월,Romance
1,84,매스커레이드 게임,히가시노 게이고,현대문학,"판매지수 5,460",2023년 06월,Mystery
1,85,명탐정의 창자,시라이 토모유키,내친구의서재,"판매지수 4,584",2024년 01월,Mystery
1,86,코너스톤 셜록 홈즈 전집,아서 코난 도일,코너스톤(도서),"판매지수 17,406",2016년 01월,Mystery
1,87,이문열 삼국지 1,나관중,알에이치코리아(RHK),"판매지수 7,158",2020년 03월,History
1,88,미키7 소설 세트,에드워드 애슈턴,황금가지,"판매지수 8,538",2023년 11월,SF
1,89,범도 1,방현석,문학동네,"판매지수 9,318",2023년 06월,History
1,90,삼체 1~3 세트,류츠신,자음과모음,"판매지수 112,236",2024년 06월,SF
1,91,그리고 아무도 없었다,애거사 크리스티,해문출판사,"판매지수 8,622",2002년 05월,Mystery
1,92,[예스리커버] 셜록 홈즈 전집 세트,아서 코난 도일,문예춘추사,"판매지수 5,484",2022년 05월,Mystery
1,93,해리포터와 혼혈 왕자 1,J.K. 롤링,문학수첩,"판매지수 6,474",2020년 01월,Fantasy
1,94,해리 포터와 마법사의 돌 : 미나리마 에디션,J.K. 롤링,문학수첩,"판매지수 19,407",2020년 10월,Fantasy
1,95,해리포터와 불사조 기사단 5,J.K. 롤링,문학수첩,"판매지수 6,576",2019년 12월,Fantasy
1,96,이토록 완벽한 실종,줄리안 맥클린,해피북스투유,"판매지수 3,600",2023년 12월,Mystery
1,97,[예스리커버] 트로피컬 나이트,조예은,한겨레출판,"판매지수 10,269",2023년 08월,Mystery
1,98,듄 신장판 전집 세트,프랭크 허버트,황금가지,"판매지수 28,932",2021년 01월,SF
1,99,해리포터와 혼혈 왕자 2,J.K. 롤링,문학수첩,"판매지수 6,282",2020년 01월,Fantasy
1,100,화씨 451,레이 브래드버리,황금가지,"판매지수 11,304",2009년 03월,SF
2,1,메리골드 마음 사진관,윤정은,북로망스,"판매지수 58,089",2024년 01월,Fantasy
2,2,수상한 한의원,배명은,텍스티(TXTY),"판매지수 35,157",2024년 01월,Fantasy
2,3,금단의 마술,히가시노 게이고,재인,"판매지수 22,164",2024년 02월,Mystery
2,4,세상의 마지막 기차역,무라세 다케시,모모,"판매지수 133,161",2022년 05월,Fantasy
2,5,살인자의 쇼핑몰,강지영,자음과모음,"판매지수 16,326",2020년 02월,Mystery
2,6,살인자의 쇼핑몰 2,강지영,자음과모음,"판매지수 13,248",2023년 07월,Mystery
2,7,잘못된 장소 잘못된 시간,질리언 매캘리스터,시옷북스,"판매지수 29,916",2023년 07월,Mystery
2,8,지구 생물체는 항복하라,정보라,래빗홀,"판매지수 10,866",2024년 01월,SF
2,9,지구 끝의 온실,김초엽,자이언트북스,"판매지수 57,006",2021년 08월,SF
2,10,"오늘 밤, 거짓말의 세계에서 잊을 수 없는 사랑을",이치조 미사키,모모,"판매지수 28,656",2023년 11월,Romance
2,11,"칵테일, 러브, 좀비",조예은,안전가옥,"판매지수 48,930",2020년 04월,Mystery
2,12,프로젝트 헤일메리,앤디 위어,알에이치코리아(RHK),"판매지수 60,555",2021년 05월,SF
2,13,듄 신장판 전집 세트,프랭크 허버트,황금가지,"판매지수 28,932",2021년 01월,SF
2,14,해리포터와 마법사의 돌 1,J.K. 롤링,문학수첩,"판매지수 35,988",2019년 11월,Fantasy
2,15,달러구트 꿈 백화점,이미예,팩토리나인,"판매지수 59,394",2020년 07월,Fantasy
2,16,눈에 갇힌 외딴 산장에서,히가시노 게이고,재인,"판매지수 19,443",2023년 07월,Mystery
2,17,달러구트 꿈 백화점 2,이미예,팩토리나인,"판매지수 40,743",2021년 07월,Fantasy
2,18,해리포터와 마법사의 돌 2,J.K. 롤링,문학수첩,"판매지수 30,108",2019년 11월,Fantasy
2,19,[예스리커버] 우리가 빛의 속도로 갈 수 없다면,김초엽,허블,"판매지수 53,538",2019년 06월,SF
2,20,블랙 쇼맨과 운명의 바퀴,히가시노 게이고,알에이치코리아(RHK),"판매지수 24,054",2024년 03월,Mystery
2,21,말하고 싶은 비밀,사쿠라 이이요,모모,"판매지수 37,827",2023년 12월,Romance
2,22,요괴어사 2,설민석,단꿈아이,"판매지수 14,124",2023년 12월,Fantasy
2,23,해리 포터와 아즈카반의 죄수 : 미나리마 에디션,J.K. 롤링,문학수첩,"판매지수 21,231",2023년 10월,Fantasy
2,24,천 개의 파랑,천선란,허블,"판매지수 55,245",2020년 08월,SF
2,25,용의자 X의 헌신,히가시노 게이고,재인,"판매지수 48,414",2017년 08월,Mystery
2,26,해리포터와 비밀의 방 1,J.K. 롤링,문학수첩,"판매지수 19,068",2019년 11월,Fantasy
2,27,해리포터와 비밀의 방 2,J.K. 롤링,문학수첩,"판매지수 17,712",2019년 11월,Fantasy
2,28,명탐정의 창자,시라이 토모유키,내친구의서재,"판매지수 4,584",2024년 01월,Mystery
2,29,악의,히가시노 게이고,현대문학,"판매지수 30,816",2019년 07월,Mystery
2,30,듄의 세계,톰 허들스턴,황금가지,"판매지수 6,672",2024년 01월,SF
2,31,재와 물거품,김청귤,안전가옥,"판매지수 18,366",2021년 05월,Fantasy
2,32,해리포터와 아즈카반의 죄수 1,J.K. 롤링,문학수첩,"판매지수 13,632",2019년 11월,Fantasy
2,33,고려거란전쟁 (상),길승수,들녘,"판매지수 6,618",2023년 11월,History
2,34,해리 포터와 비밀의 방 : 미나리마 에디션,J.K. 롤링,문학수첩,"판매지수 16,338",2021년 10월,Fantasy
2,35,고려거란전쟁 (하),길승수,들녘,"판매지수 6,234",2023년 11월,History
2,36,듄 신장판 1,프랭크 허버트,황금가지,"판매지수 18,270",2021년 01월,SF
2,37,해리포터와 아즈카반의 죄수 2,J.K. 롤링,문학수첩,"판매지수 13,218",2019년 11월,Fantasy
2,38,위시,니콜라스 스파크스,모모,"판매지수 11,676",2023년 12월,Romance
2,39,전지적 독자 시점 PART 1 - 01,싱숑,비채,"판매지수 19,179",2022년 01월,Fantasy
2,40,전지적 독자 시점 PART 5 - 01,싱숑,비채,"판매지수 15,396",2023년 09월,Fantasy
2,41,해리포터와 불의 잔 1,J.K. 롤링,문학수첩,"판매지수 12,006",2019년 11월,Fantasy
2,42,전지적 독자 시점 PART 5 - 02,싱숑,비채,"판매지수 15,792",2023년 09월,Fantasy
2,43,전지적 독자 시점 PART 4 - 01,싱숑,비채,"판매지수 14,712",2023년 09월,Fantasy
2,44,전지적 독자 시점 PART 4 - 02,싱숑,비채,"판매지수 15,126",2023년 09월,Fantasy
2,45,삼체 1~3 세트,류츠신,자음과모음,"판매지수 112,236",2024년 06월,SF
2,46,전지적 독자 시점 PART 4 - 04,싱숑,비채,"판매지수 15,084",2023년 09월,Fantasy
2,47,전지적 독자 시점 PART 4 - 03,싱숑,비채,"판매지수 15,024",2023년 09월,Fantasy
2,48,봄그늘 1~5 세트,김차차,파란 (파란미디어),"판매지수 5,916",2024년 02월,Romance
2,49,해리포터와 불의 잔 2,J.K. 롤링,문학수첩,"판매지수 11,706",2019년 11월,Fantasy
2,50,꿀벌의 예언 2,베르나르 베르베르,열린책들,"판매지수 13,176",2023년 06월,SF
2,51,요괴어사,설민석,단꿈아이,"판매지수 7,512",2023년 04월,Fantasy
2,52,비긴 어게인,헬리 액튼,모모,"판매지수 3,060",2024년 01월,Fantasy
2,53,전지적 독자 시점 PART 1 - 08,싱숑,비채,"판매지수 14,304",2022년 01월,Fantasy
2,54,전지적 독자 시점 PART 1 - 03,싱숑,비채,"판매지수 15,264",2022년 01월,Fantasy
2,55,전지적 독자 시점 PART 2 - 03,싱숑,비채,"판매지수 15,672",2023년 01월,Fantasy
2,56,전지적 독자 시점 PART 1 - 02,싱숑,비채,"판매지수 16,500",2022년 01월,Fantasy
2,57,전지적 독자 시점 PART 2 - 02,싱숑,비채,"판매지수 15,576",2023년 01월,Fantasy
2,58,전지적 독자 시점 PART 3 - 01,싱숑,비채,"판매지수 15,684",2023년 01월,Fantasy
2,59,전지적 독자 시점 PART 2 - 01,싱숑,비채,"판매지수 15,270",2023년 01월,Fantasy
2,60,해리포터와 불의 잔 3,J.K. 롤링,문학수첩,"판매지수 10,986",2019년 11월,Fantasy
2,61,그리고 아무도 없었다,애거사 크리스티,황금가지,"판매지수 24,378",2013년 12월,Mystery
2,62,꿀벌의 예언 1,베르나르 베르베르,열린책들,"판매지수 13,170",2023년 06월,SF
2,63,전지적 독자 시점 PART 3 - 03,싱숑,비채,"판매지수 15,090",2023년 01월,Fantasy
2,64,해리포터 5~7부 세트,J.K. 롤링,문학수첩,"판매지수 12,558",2020년 02월,Fantasy
2,65,해리포터와 불의 잔 4,J.K. 롤링,문학수첩,"판매지수 10,890",2019년 11월,Fantasy
2,66,전지적 독자 시점 PART 4&5 : 굿즈키트 세트,싱숑,비채,"판매지수 7,902",2023년 09월,Fantasy
2,67,당신 인생의 이야기,테드 창,엘리,"판매지수 19,269",2016년 10월,SF
2,68,가면산장 살인사건,히가시노 게이고,재인,"판매지수 16,269",2014년 09월,Mystery
2,69,전지적 독자 시점 PART 3 - 02,싱숑,비채,"판매지수 15,498",2023년 01월,Fantasy
2,70,나와 너의 365일,유이하,모모,"판매지수 17,976",2023년 03월,Romance
2,71,전지적 독자 시점 PART 1 - 07,싱숑,비채,"판매지수 13,566",2022년 01월,Fantasy
2,72,전지적 독자 시점 PART 1 - 04,싱숑,비채,"판매지수 14,394",2022년 01월,Fantasy
2,73,해리포터 1~4부 세트,J.K. 롤링,문학수첩,"판매지수 10,554",2019년 11월,Fantasy
2,74,페어워닝,마이클 코넬리,알에이치코리아(RHK),"판매지수 4,422",2024년 01월,Mystery
2,75,전지적 독자 시점 PART 1 - 06,싱숑,비채,"판매지수 13,866",2022년 01월,Fantasy
2,76,전지적 독자 시점 PART 1 - 05,싱숑,비채,"판매지수 13,602",2022년 01월,Fantasy
2,77,심판,베르나르 베르베르,열린책들,"판매지수 17,298",2020년 08월,SF
2,78,저주토끼,정보라,래빗홀,"판매지수 25,566",2023년 04월,SF
2,79,속임수의 섬,히가시가와 도쿠야,북다,"판매지수 5,094",2024년 01월,Mystery
2,80,달의 아이,최윤석,포레스트북스,"판매지수 9,312",2023년 09월,Fantasy
2,81,코너스톤 셜록 홈즈 전집,아서 코난 도일,코너스톤(도서),"판매지수 17,406",2016년 01월,Mystery
2,82,주인공의 구원자가 될 운명입니다 1~5 세트,은소로,연담,"판매지수 1,428",2024년 04월,Fantasy
2,83,해피엔딩에서 너를 기다릴게,산다 치에,알에이치코리아(RHK),"판매지수 13,239",2023년 01월,Romance
2,84,명탐정의 제물,시라이 토모유키,내친구의서재,"판매지수 3,954",2023년 07월,Mystery
2,85,화씨 451,레이 브래드버리,황금가지,"판매지수 11,304",2009년 03월,SF
2,86,수확자,닐 셔스터먼,열린책들,"판매지수 8,778",2023년 02월,SF
2,87,해리 포터 마법 연감,J.K. 롤링,문학수첩,"판매지수 12,876",2023년 12월,Fantasy
2,88,[예스리커버] 천 개의 파랑,천선란,허블,"판매지수 3,798",2022년 11월,SF
2,89,"나는 내일, 어제의 너와 만난다",나나츠키 타카후미,영상출판미디어,"판매지수 10,890",2016년 02월,Romance
2,90,해리 포터와 마법사의 돌 : 미나리마 에디션,J.K. 롤링,문학수첩,"판매지수 19,407",2020년 10월,Fantasy
2,91,이문열 삼국지 세트,이문열,알에이치코리아(RHK),"판매지수 14,082",2020년 03월,History
2,92,당신 인생의 이야기 (리커버),테드 창,엘리,"판매지수 7,236",2020년 01월,SF
2,93,라플라스의 마녀,히가시노 게이고,현대문학,"판매지수 18,531",2016년 01월,Mystery
2,94,[예스리커버] 트로피컬 나이트,조예은,한겨레출판,"판매지수 10,269",2023년 08월,Mystery
2,95,수확자 시리즈 세트,닐 셔스터먼,열린책들,"판매지수 9,018",2023년 02월,SF
2,96,13.67,찬호께이,한스미디어,"판매지수 12,468",2023년 01월,Mystery
2,97,곰탕 1,김영탁,arte(아르테),"판매지수 8,796",2018년 03월,Mystery
2,98,제노사이드,다카노 가즈아키,황금가지,"판매지수 10,833",2012년 06월,Mystery
2,99,백광,렌죠 미키히코,모모,"판매지수 13,392",2022년 02월,Mystery
2,100,작별의 건너편,시미즈 하루키,모모,"판매지수 8,400",2023년 05월,Fantasy
3,1,삼체 1~3 세트,류츠신,자음과모음,"판매지수 112,236",2024년 06월,SF
3,2,듄 신장판 전집 세트,프랭크 허버트,황금가지,"판매지수 28,932",2021년 01월,SF
3,3,세상의 마지막 기차역,무라세 다케시,모모,"판매지수 133,161",2022년 05월,Fantasy
3,4,블랙 쇼맨과 운명의 바퀴,히가시노 게이고,알에이치코리아(RHK),"판매지수 24,054",2024년 03월,Mystery
3,5,듄 신장판 1,프랭크 허버트,황금가지,"판매지수 18,270",2021년 01월,SF
3,6,메리골드 마음 사진관,윤정은,북로망스,"판매지수 58,089",2024년 01월,Fantasy
3,7,잘못된 장소 잘못된 시간,질리언 매캘리스터,시옷북스,"판매지수 29,916",2023년 07월,Mystery
3,8,지구 끝의 온실,김초엽,자이언트북스,"판매지수 57,006",2021년 08월,SF
3,9,수상한 한의원,배명은,텍스티(TXTY),"판매지수 35,157",2024년 01월,Fantasy
3,10,달러구트 꿈 백화점,이미예,팩토리나인,"판매지수 59,394",2020년 07월,Fantasy
3,11,해리포터와 마법사의 돌 1,J.K. 롤링,문학수첩,"판매지수 35,988",2019년 11월,Fantasy
3,12,프로젝트 헤일메리,앤디 위어,알에이치코리아(RHK),"판매지수 60,555",2021년 05월,SF
3,13,금단의 마술,히가시노 게이고,재인,"판매지수 22,164",2024년 02월,Mystery
3,14,[예스리커버] 우리가 빛의 속도로 갈 수 없다면,김초엽,허블,"판매지수 53,538",2019년 06월,SF
3,15,천 개의 파랑,천선란,허블,"판매지수 55,245",2020년 08월,SF
3,16,해리포터와 마법사의 돌 2,J.K. 롤링,문학수첩,"판매지수 30,108",2019년 11월,Fantasy
3,17,달러구트 꿈 백화점 2,이미예,팩토리나인,"판매지수 40,743",2021년 07월,Fantasy
3,18,"칵테일, 러브, 좀비",조예은,안전가옥,"판매지수 48,930",2020년 04월,Mystery
3,19,용의자 X의 헌신,히가시노 게이고,재인,"판매지수 48,414",2017년 08월,Mystery
3,20,"오늘 밤, 거짓말의 세계에서 잊을 수 없는 사랑을",이치조 미사키,모모,"판매지수 28,656",2023년 11월,Romance
3,21,듄의 세계,톰 허들스턴,황금가지,"판매지수 6,672",2024년 01월,SF
3,22,말하고 싶은 비밀,사쿠라 이이요,모모,"판매지수 37,827",2023년 12월,Romance
3,23,듄 신장판 2,프랭크 허버트,황금가지,"판매지수 6,888",2021년 01월,SF
3,24,[예스리커버] 천 개의 파랑,천선란,허블,"판매지수 3,798",2022년 11월,SF
3,25,재와 물거품,김청귤,안전가옥,"판매지수 18,366",2021년 05월,Fantasy
3,26,악의,히가시노 게이고,현대문학,"판매지수 30,816",2019년 07월,Mystery
3,27,해리포터와 비밀의 방 1,J.K. 롤링,문학수첩,"판매지수 19,068",2019년 11월,Fantasy
3,28,해리포터와 비밀의 방 2,J.K. 롤링,문학수첩,"판매지수 17,712",2019년 11월,Fantasy
3,29,살인자의 쇼핑몰,강지영,자음과모음,"판매지수 16,326",2020년 02월,Mystery
3,30,직장 상사 악령 퇴치부,이사구,황금가지,"판매지수 9,078",2024년 02월,Mystery
3,31,"고양이 식당, 추억을 요리합니다",다카하시 유타,빈페이지,"판매지수 11,820",2023년 05월,Fantasy
3,32,해리 포터와 마법사의 돌 : 미나리마 에디션,J.K. 롤링,문학수첩,"판매지수 19,407",2020년 10월,Fantasy
3,33,당신 인생의 이야기,테드 창,엘리,"판매지수 19,269",2016년 10월,SF
3,34,눈에 갇힌 외딴 산장에서,히가시노 게이고,재인,"판매지수 19,443",2023년 07월,Mystery
3,35,블랙 쇼맨과 환상의 여자,히가시노 게이고,알에이치코리아(RHK),"판매지수 5,892",2023년 04월,Mystery
3,36,저주토끼,정보라,래빗홀,"판매지수 25,566",2023년 04월,SF
3,37,요괴어사 2,설민석,단꿈아이,"판매지수 14,124",2023년 12월,Fantasy
3,38,살인자의 쇼핑몰 2,강지영,자음과모음,"판매지수 13,248",2023년 07월,Mystery
3,39,해리포터와 아즈카반의 죄수 1,J.K. 롤링,문학수첩,"판매지수 13,632",2019년 11월,Fantasy
3,40,나와 너의 365일,유이하,모모,"판매지수 17,976",2023년 03월,Romance
3,41,심판,베르나르 베르베르,열린책들,"판매지수 17,298",2020년 08월,SF
3,42,그리고 아무도 없었다,애거사 크리스티,황금가지,"판매지수 24,378",2013년 12월,Mystery
3,43,전지적 독자 시점 PART 1 - 01,싱숑,비채,"판매지수 19,179",2022년 01월,Fantasy
3,44,블랙 쇼맨과 이름 없는 마을의 살인,히가시노 게이고,알에이치코리아(RHK),"판매지수 5,334",2020년 11월,Mystery
3,45,코너스톤 셜록 홈즈 전집,아서 코난 도일,코너스톤(도서),"판매지수 17,406",2016년 01월,Mystery
3,46,전지적 독자 시점 PART 5 - 02,싱숑,비채,"판매지수 15,792",2023년 09월,Fantasy
3,47,전지적 독자 시점 PART 4 - 04,싱숑,비채,"판매지수 15,084",2023년 09월,Fantasy
3,48,해리포터 1~4부 세트,J.K. 롤링,문학수첩,"판매지수 10,554",2019년 11월,Fantasy
3,49,해리포터와 아즈카반의 죄수 2,J.K. 롤링,문학수첩,"판매지수 13,218",2019년 11월,Fantasy
3,50,전지적 독자 시점 PART 5 - 01,싱숑,비채,"판매지수 15,396",2023년 09월,Fantasy
3,51,전지적 독자 시점 PART 1 - 02,싱숑,비채,"판매지수 16,500",2022년 01월,Fantasy
3,52,전지적 독자 시점 PART 4 - 03,싱숑,비채,"판매지수 15,024",2023년 09월,Fantasy
3,53,해리포터와 불의 잔 1,J.K. 롤링,문학수첩,"판매지수 12,006",2019년 11월,Fantasy
3,54,숨,테드 창,엘리,"판매지수 10,953",2019년 05월,SF
3,55,해리 포터와 비밀의 방 : 미나리마 에디션,J.K. 롤링,문학수첩,"판매지수 16,338",2021년 10월,Fantasy
3,56,누굴 죽였을까,정해연,북다,"판매지수 5,076",2024년 02월,Mystery
3,57,속임수의 섬,히가시가와 도쿠야,북다,"판매지수 5,094",2024년 01월,Mystery
3,58,전지적 독자 시점 PART 4 - 02,싱숑,비채,"판매지수 15,126",2023년 09월,Fantasy
3,59,마션,앤디 위어,알에이치코리아(RHK),"판매지수 13,500",2021년 05월,SF
3,60,해리포터와 불의 잔 2,J.K. 롤링,문학수첩,"판매지수 11,706",2019년 11월,Fantasy
3,61,노 휴먼스 랜드,김정,창비,"판매지수 3,462",2023년 07월,SF
3,62,전지적 독자 시점 PART 2 - 01,싱숑,비채,"판매지수 15,270",2023년 01월,Fantasy
3,63,해리 포터 마법 연감,J.K. 롤링,문학수첩,"판매지수 12,876",2023년 12월,Fantasy
3,64,전지적 독자 시점 PART 4 - 01,싱숑,비채,"판매지수 14,712",2023년 09월,Fantasy
3,65,전지적 독자 시점 PART 2 - 02,싱숑,비채,"판매지수 15,576",2023년 01월,Fantasy
3,66,전지적 독자 시점 PART 1 - 08,싱숑,비채,"판매지수 14,304",2022년 01월,Fantasy
3,67,남은 인생 10년,고사카 루카,모모,"판매지수 29,397",2024년 03월,Romance
3,68,[예스리커버] 트로피컬 나이트,조예은,한겨레출판,"판매지수 10,269",2023년 08월,Mystery
3,69,해리포터 5~7부 세트,J.K. 롤링,문학수첩,"판매지수 12,558",2020년 02월,Fantasy
3,70,전지적 독자 시점 PART 1 - 04,싱숑,비채,"판매지수 14,394",2022년 01월,Fantasy
3,71,전지적 독자 시점 PART 1 - 03,싱숑,비채,"판매지수 15,264",2022년 01월,Fantasy
3,72,화씨 451,레이 브래드버리,황금가지,"판매지수 11,304",2009년 03월,SF
3,73,꿀벌의 예언 1,베르나르 베르베르,열린책들,"판매지수 13,170",2023년 06월,SF
3,74,전지적 독자 시점 PART 2 - 03,싱숑,비채,"판매지수 15,672",2023년 01월,Fantasy
3,75,전지적 독자 시점 PART 1 - 06,싱숑,비채,"판매지수 13,866",2022년 01월,Fantasy
3,76,전지적 독자 시점 PART 1 - 05,싱숑,비채,"판매지수 13,602",2022년 01월,Fantasy
3,77,해리포터와 불의 잔 4,J.K. 롤링,문학수첩,"판매지수 10,890",2019년 11월,Fantasy
3,78,지구 생물체는 항복하라,정보라,래빗홀,"판매지수 10,866",2024년 01월,SF
3,79,해피엔딩에서 너를 기다릴게,산다 치에,알에이치코리아(RHK),"판매지수 13,239",2023년 01월,Romance
3,80,꿀벌의 예언 2,베르나르 베르베르,열린책들,"판매지수 13,176",2023년 06월,SF
3,81,가면산장 살인사건,히가시노 게이고,재인,"판매지수 16,269",2014년 09월,Mystery
3,82,해리 포터와 아즈카반의 죄수 : 미나리마 에디션,J.K. 롤링,문학수첩,"판매지수 21,231",2023년 10월,Fantasy
3,83,전지적 독자 시점 PART 3 - 03,싱숑,비채,"판매지수 15,090",2023년 01월,Fantasy
3,84,해리포터와 불의 잔 3,J.K. 롤링,문학수첩,"판매지수 10,986",2019년 11월,Fantasy
3,85,고려거란전쟁 (하),길승수,들녘,"판매지수 6,234",2023년 11월,History
3,86,요괴어사,설민석,단꿈아이,"판매지수 7,512",2023년 04월,Fantasy
3,87,전지적 독자 시점 PART 3 - 02,싱숑,비채,"판매지수 15,498",2023년 01월,Fantasy
3,88,너의 췌장을 먹고 싶어 (일반판),스미노 요루,소미미디어,"판매지수 11,436",2017년 04월,Romance
3,89,전지적 독자 시점 PART 3 - 01,싱숑,비채,"판매지수 15,684",2023년 01월,Fantasy
3,90,카지노,김진명,새움,"판매지수 20,130",2022년 12월,Mystery
3,91,전지적 독자 시점 PART 1 - 07,싱숑,비채,"판매지수 13,566",2022년 01월,Fantasy
3,92,달의 아이,최윤석,포레스트북스,"판매지수 9,312",2023년 09월,Fantasy
3,93,고려거란전쟁 (상),길승수,들녘,"판매지수 6,618",2023년 11월,History
3,94,"고양이 식당, 행복을 요리합니다",다카하시 유타,빈페이지,"판매지수 8,571",2023년 05월,Fantasy
3,95,고백의 이유,서은수,파란 (파란미디어),"판매지수 4,578",2024년 03월,Romance
3,96,"나는 내일, 어제의 너와 만난다",나나츠키 타카후미,영상출판미디어,"판매지수 10,890",2016년 02월,Romance
3,97,수확자 시리즈 세트,닐 셔스터먼,열린책들,"판매지수 9,018",2023년 02월,SF
3,98,라플라스의 마녀,히가시노 게이고,현대문학,"판매지수 18,531",2016년 01월,Mystery
3,99,돌이킬 수 있는,문목하,아작,"판매지수 21,552",2018년 12월,Mystery
3,100,대여금고,그렉 이건,허블,"판매지수 2,862",2024년 02월,SF
4,1,삼체 1~3 세트,류츠신,자음과모음,"판매지수 112,236",2024년 06월,SF
4,2,내일의 으뜸,김빵,다향,"판매지수 57,792",2024년 05월,Fantasy
4,3,세상의 마지막 기차역,무라세 다케시,모모,"판매지수 133,161",2022년 05월,Fantasy
4,4,남은 인생 10년,고사카 루카,모모,"판매지수 29,397",2024년 03월,Romance
4,5,프로젝트 헤일메리,앤디 위어,알에이치코리아(RHK),"판매지수 60,555",2021년 05월,SF
4,6,메리골드 마음 사진관,윤정은,북로망스,"판매지수 58,089",2024년 01월,Fantasy
4,7,블랙 쇼맨과 운명의 바퀴,히가시노 게이고,알에이치코리아(RHK),"판매지수 24,054",2024년 03월,Mystery
4,8,[예스리커버] 우리가 빛의 속도로 갈 수 없다면,김초엽,허블,"판매지수 53,538",2019년 06월,SF
4,9,지구 끝의 온실,김초엽,자이언트북스,"판매지수 57,006",2021년 08월,SF
4,10,달러구트 꿈 백화점,이미예,팩토리나인,"판매지수 59,394",2020년 07월,Fantasy
4,11,해리포터와 마법사의 돌 1,J.K. 롤링,문학수첩,"판매지수 35,988",2019년 11월,Fantasy
4,12,천 개의 파랑,천선란,허블,"판매지수 55,245",2020년 08월,SF
4,13,듄 신장판 전집 세트,프랭크 허버트,황금가지,"판매지수 28,932",2021년 01월,SF
4,14,해리포터와 마법사의 돌 2,J.K. 롤링,문학수첩,"판매지수 30,108",2019년 11월,Fantasy
4,15,잘못된 장소 잘못된 시간,질리언 매캘리스터,시옷북스,"판매지수 29,916",2023년 07월,Mystery
4,16,수상한 한의원,배명은,텍스티(TXTY),"판매지수 35,157",2024년 01월,Fantasy
4,17,"칵테일, 러브, 좀비",조예은,안전가옥,"판매지수 48,930",2020년 04월,Mystery
4,18,달러구트 꿈 백화점 2,이미예,팩토리나인,"판매지수 40,743",2021년 07월,Fantasy
4,19,듄 신장판 1,프랭크 허버트,황금가지,"판매지수 18,270",2021년 01월,SF
4,20,용의자 X의 헌신,히가시노 게이고,재인,"판매지수 48,414",2017년 08월,Mystery
4,21,해리 포터와 마법사의 돌 : 미나리마 에디션,J.K. 롤링,문학수첩,"판매지수 19,407",2020년 10월,Fantasy
4,22,저주토끼,정보라,래빗홀,"판매지수 25,566",2023년 04월,SF
4,23,금단의 마술,히가시노 게이고,재인,"판매지수 22,164",2024년 02월,Mystery
4,24,말하고 싶은 비밀,사쿠라 이이요,모모,"판매지수 37,827",2023년 12월,Romance
4,25,"오늘 밤, 거짓말의 세계에서 잊을 수 없는 사랑을",이치조 미사키,모모,"판매지수 28,656",2023년 11월,Romance
4,26,재와 물거품,김청귤,안전가옥,"판매지수 18,366",2021년 05월,Fantasy
4,27,직장 상사 악령 퇴치부,이사구,황금가지,"판매지수 9,078",2024년 02월,Mystery
4,28,해리포터와 비밀의 방 1,J.K. 롤링,문학수첩,"판매지수 19,068",2019년 11월,Fantasy
4,29,해리포터와 비밀의 방 2,J.K. 롤링,문학수첩,"판매지수 17,712",2019년 11월,Fantasy
4,30,해리 포터와 아즈카반의 죄수 : 미나리마 에디션,J.K. 롤링,문학수첩,"판매지수 21,231",2023년 10월,Fantasy
4,31,악의,히가시노 게이고,현대문학,"판매지수 30,816",2019년 07월,Mystery
4,32,해리 포터와 비밀의 방 : 미나리마 에디션,J.K. 롤링,문학수첩,"판매지수 16,338",2021년 10월,Fantasy
4,33,심판,베르나르 베르베르,열린책들,"판매지수 17,298",2020년 08월,SF
4,34,해리포터와 아즈카반의 죄수 1,J.K. 롤링,문학수첩,"판매지수 13,632",2019년 11월,Fantasy
4,35,"고양이 식당, 추억을 요리합니다",다카하시 유타,빈페이지,"판매지수 11,820",2023년 05월,Fantasy
4,36,해리포터와 아즈카반의 죄수 2,J.K. 롤링,문학수첩,"판매지수 13,218",2019년 11월,Fantasy
4,37,눈에 갇힌 외딴 산장에서,히가시노 게이고,재인,"판매지수 19,443",2023년 07월,Mystery
4,38,그리고 아무도 없었다,애거사 크리스티,황금가지,"판매지수 24,378",2013년 12월,Mystery
4,39,당신 인생의 이야기,테드 창,엘리,"판매지수 19,269",2016년 10월,SF
4,40,해리포터와 불의 잔 1,J.K. 롤링,문학수첩,"판매지수 12,006",2019년 11월,Fantasy
4,41,해리포터와 불의 잔 2,J.K. 롤링,문학수첩,"판매지수 11,706",2019년 11월,Fantasy
4,42,전지적 독자 시점 PART 1 - 01,싱숑,비채,"판매지수 19,179",2022년 01월,Fantasy
4,43,[예스리커버] 트로피컬 나이트,조예은,한겨레출판,"판매지수 10,269",2023년 08월,Mystery
4,44,이웃집 소시오패스의 사정,조예은,&(앤드),"판매지수 4,410",2024년 04월,Mystery
4,45,마션,앤디 위어,알에이치코리아(RHK),"판매지수 13,500",2021년 05월,SF
4,46,해리포터와 불의 잔 3,J.K. 롤링,문학수첩,"판매지수 10,986",2019년 11월,Fantasy
4,47,"나는 내일, 어제의 너와 만난다",나나츠키 타카후미,영상출판미디어,"판매지수 10,890",2016년 02월,Romance
4,48,나와 너의 365일,유이하,모모,"판매지수 17,976",2023년 03월,Romance
4,49,해리 포터 마법 연감,J.K. 롤링,문학수첩,"판매지수 12,876",2023년 12월,Fantasy
4,50,해리포터와 불의 잔 4,J.K. 롤링,문학수첩,"판매지수 10,890",2019년 11월,Fantasy
4,51,해리포터 1~4부 세트,J.K. 롤링,문학수첩,"판매지수 10,554",2019년 11월,Fantasy
4,52,법정유희,이가라시 리쓰토,리드비(READbie),"판매지수 2,628",2024년 03월,Mystery
4,53,전지적 독자 시점 PART 5 - 02,싱숑,비채,"판매지수 15,792",2023년 09월,Fantasy
4,54,전지적 독자 시점 PART 4 - 04,싱숑,비채,"판매지수 15,084",2023년 09월,Fantasy
4,55,전지적 독자 시점 PART 4 - 03,싱숑,비채,"판매지수 15,024",2023년 09월,Fantasy
4,56,전지적 독자 시점 PART 3 - 02,싱숑,비채,"판매지수 15,498",2023년 01월,Fantasy
4,57,전지적 독자 시점 PART 5 - 01,싱숑,비채,"판매지수 15,396",2023년 09월,Fantasy
4,58,전지적 독자 시점 PART 3 - 01,싱숑,비채,"판매지수 15,684",2023년 01월,Fantasy
4,59,듄 신장판 2,프랭크 허버트,황금가지,"판매지수 6,888",2021년 01월,SF
4,60,이문열 삼국지 세트,이문열,알에이치코리아(RHK),"판매지수 14,082",2020년 03월,History
4,61,수확자 시리즈 세트,닐 셔스터먼,열린책들,"판매지수 9,018",2023년 02월,SF
4,62,전지적 독자 시점 PART 4 - 01,싱숑,비채,"판매지수 14,712",2023년 09월,Fantasy
4,63,숨,테드 창,엘리,"판매지수 10,953",2019년 05월,SF
4,64,전지적 독자 시점 PART 4 - 02,싱숑,비채,"판매지수 15,126",2023년 09월,Fantasy
4,65,전지적 독자 시점 PART 3 - 03,싱숑,비채,"판매지수 15,090",2023년 01월,Fantasy
4,66,전지적 독자 시점 PART 2 - 02,싱숑,비채,"판매지수 15,576",2023년 01월,Fantasy
4,67,전지적 독자 시점 PART 1 - 03,싱숑,비채,"판매지수 15,264",2022년 01월,Fantasy
4,68,고백의 이유,서은수,파란 (파란미디어),"판매지수 4,578",2024년 03월,Romance
4,69,전지적 독자 시점 PART 2 - 01,싱숑,비채,"판매지수 15,270",2023년 01월,Fantasy
4,70,전지적 독자 시점 PART 1 - 02,싱숑,비채,"판매지수 16,500",2022년 01월,Fantasy
4,71,전지적 독자 시점 PART 1 - 08,싱숑,비채,"판매지수 14,304",2022년 01월,Fantasy
4,72,코너스톤 셜록 홈즈 전집,아서 코난 도일,코너스톤(도서),"판매지수 17,406",2016년 01월,Mystery
4,73,[예스리커버] 『당신 인생의 이야기』 + 『숨』 리커버 세트,테드 창,엘리,"판매지수 7,146",2024년 04월,SF
4,74,해리포터 5~7부 세트,J.K. 롤링,문학수첩,"판매지수 12,558",2020년 02월,Fantasy
4,75,꿀벌의 예언 1,베르나르 베르베르,열린책들,"판매지수 13,170",2023년 06월,SF
4,76,전지적 독자 시점 PART 1 - 05,싱숑,비채,"판매지수 13,602",2022년 01월,Fantasy
4,77,전지적 독자 시점 PART 2 - 03,싱숑,비채,"판매지수 15,672",2023년 01월,Fantasy
4,78,가면산장 살인사건,히가시노 게이고,재인,"판매지수 16,269",2014년 09월,Mystery
4,79,전지적 독자 시점 PART 1 - 07,싱숑,비채,"판매지수 13,566",2022년 01월,Fantasy
4,80,전지적 독자 시점 PART 1 - 04,싱숑,비채,"판매지수 14,394",2022년 01월,Fantasy
4,81,너의 췌장을 먹고 싶어 (일반판),스미노 요루,소미미디어,"판매지수 11,436",2017년 04월,Romance
4,82,속임수의 섬,히가시가와 도쿠야,북다,"판매지수 5,094",2024년 01월,Mystery
4,83,옥중 다큐소설 : 전두환,지만원,시스템,"판매지수 2,262",2024년 04월,History
4,84,전지적 독자 시점 PART 1 - 06,싱숑,비채,"판매지수 13,866",2022년 01월,Fantasy
4,85,너는 달밤에 빛나고,사노 테츠야,디앤씨미디어(D&C미디어),"판매지수 9,828",2018년 04월,Romance
4,86,살육에 이르는 병,아비코 다케마루,검은숲,"판매지수 10,866",2016년 07월,Horror
4,87,블랙 쇼맨과 이름 없는 마을의 살인,히가시노 게이고,알에이치코리아(RHK),"판매지수 5,334",2020년 11월,Mystery
4,88,종의 기원담,김보영,아작,"판매지수 8,652",2023년 06월,SF
4,89,수확자,닐 셔스터먼,열린책들,"판매지수 8,778",2023년 02월,SF
4,90,검은 집,기시 유스케,창해(새우와 고래),"판매지수 3,972",2004년 08월,Mystery
4,91,해피엔딩에서 너를 기다릴게,산다 치에,알에이치코리아(RHK),"판매지수 13,239",2023년 01월,Romance
4,92,꿀벌의 예언 2,베르나르 베르베르,열린책들,"판매지수 13,176",2023년 06월,SF
4,93,해리포터와 불사조 기사단 2,J.K. 롤링,문학수첩,"판매지수 7,188",2019년 12월,Fantasy
4,94,라플라스의 마녀,히가시노 게이고,현대문학,"판매지수 18,531",2016년 01월,Mystery
4,95,누굴 죽였을까,정해연,북다,"판매지수 5,076",2024년 02월,Mystery
4,96,지구 생물체는 항복하라,정보라,래빗홀,"판매지수 10,866",2024년 01월,SF
4,97,해리포터와 불사조 기사단 1,J.K. 롤링,문학수첩,"판매지수 7,374",2019년 12월,Fantasy
4,98,봉제인형 살인사건,다니엘 콜,북플라자,"판매지수 7,662",2017년 10월,Horror
4,99,전지적 독자 시점 PART 4&5 : 굿즈키트 세트,싱숑,비채,"판매지수 7,902",2023년 09월,Fantasy
4,100,이끼숲,천선란,자이언트북스,"판매지수 9,246",2023년 05월,SF
5,1,내일의 으뜸,김빵,다향,"판매지수 57,792",2024년 05월,Fantasy
5,2,삼체 1~3 세트,류츠신,자음과모음,"판매지수 112,236",2024년 06월,SF
5,3,세상의 마지막 기차역,무라세 다케시,모모,"판매지수 133,161",2022년 05월,Fantasy
5,4,룬의 아이들 - 블러디드 7,전민희,엘릭시르,"판매지수 16,452",2024년 05월,Fantasy
5,5,셰이커,이희영,래빗홀,"판매지수 22,065",2024년 05월,Fantasy
5,6,[예스리커버] 우리가 빛의 속도로 갈 수 없다면,김초엽,허블,"판매지수 53,538",2019년 06월,SF
5,7,남은 인생 10년,고사카 루카,모모,"판매지수 29,397",2024년 03월,Romance
5,8,지구 끝의 온실,김초엽,자이언트북스,"판매지수 57,006",2021년 08월,SF
5,9,천 개의 파랑,천선란,허블,"판매지수 55,245",2020년 08월,SF
5,10,프로젝트 헤일메리,앤디 위어,알에이치코리아(RHK),"판매지수 60,555",2021년 05월,SF
5,11,해리포터와 마법사의 돌 1,J.K. 롤링,문학수첩,"판매지수 35,988",2019년 11월,Fantasy
5,12,전지적 독자 시점 아트북 에디션 세트 2,싱숑,비채,"판매지수 6,906",2024년 05월,Fantasy
5,13,달러구트 꿈 백화점,이미예,팩토리나인,"판매지수 59,394",2020년 07월,Fantasy
5,14,미 비포 유,조조 모예스,다산책방,"판매지수 13,452",2024년 04월,Romance
5,15,해리포터와 마법사의 돌 2,J.K. 롤링,문학수첩,"판매지수 30,108",2019년 11월,Fantasy
5,16,"칵테일, 러브, 좀비",조예은,안전가옥,"판매지수 48,930",2020년 04월,Mystery
5,17,메리골드 마음 사진관,윤정은,북로망스,"판매지수 58,089",2024년 01월,Fantasy
5,18,잘못된 장소 잘못된 시간,질리언 매캘리스터,시옷북스,"판매지수 29,916",2023년 07월,Mystery
5,19,블랙 쇼맨과 운명의 바퀴,히가시노 게이고,알에이치코리아(RHK),"판매지수 24,054",2024년 03월,Mystery
5,20,용의자 X의 헌신,히가시노 게이고,재인,"판매지수 48,414",2017년 08월,Mystery
5,21,달러구트 꿈 백화점 2,이미예,팩토리나인,"판매지수 40,743",2021년 07월,Fantasy
5,22,기억서점,송유정,놀,"판매지수 7,227",2024년 05월,Fantasy
5,23,종의 기원담,김보영,아작,"판매지수 8,652",2023년 06월,SF
5,24,수상한 한의원,배명은,텍스티(TXTY),"판매지수 35,157",2024년 01월,Fantasy
5,25,재와 물거품,김청귤,안전가옥,"판매지수 18,366",2021년 05월,Fantasy
5,26,해리 포터와 마법사의 돌 : 미나리마 에디션,J.K. 롤링,문학수첩,"판매지수 19,407",2020년 10월,Fantasy
5,27,악의,히가시노 게이고,현대문학,"판매지수 30,816",2019년 07월,Mystery
5,28,용의자들,정해연,위즈덤하우스,"판매지수 8,340",2024년 05월,Mystery
5,29,해리포터와 비밀의 방 1,J.K. 롤링,문학수첩,"판매지수 19,068",2019년 11월,Fantasy
5,30,해리포터와 비밀의 방 2,J.K. 롤링,문학수첩,"판매지수 17,712",2019년 11월,Fantasy
5,31,듄 신장판 전집 세트,프랭크 허버트,황금가지,"판매지수 28,932",2021년 01월,SF
5,32,저주토끼,정보라,래빗홀,"판매지수 25,566",2023년 04월,SF
5,33,말하고 싶은 비밀,사쿠라 이이요,모모,"판매지수 37,827",2023년 12월,Romance
5,34,"오늘 밤, 거짓말의 세계에서 잊을 수 없는 사랑을",이치조 미사키,모모,"판매지수 28,656",2023년 11월,Romance
5,35,21세기 마지막 첫사랑,김빵,자이언트북스,"판매지수 3,540",2024년 05월,Romance
5,36,해리 포터와 아즈카반의 죄수 : 미나리마 에디션,J.K. 롤링,문학수첩,"판매지수 21,231",2023년 10월,Fantasy
5,37,[예스리커버] 『당신 인생의 이야기』 + 『숨』 리커버 세트,테드 창,엘리,"판매지수 7,146",2024년 04월,SF
5,38,"고양이 식당, 추억을 요리합니다",다카하시 유타,빈페이지,"판매지수 11,820",2023년 05월,Fantasy
5,39,퐁 카페의 마음 배달 고양이,시메노 나기,놀,"판매지수 4,260",2024년 05월,Fantasy
5,40,그리고 아무도 없었다,애거사 크리스티,황금가지,"판매지수 24,378",2013년 12월,Mystery
5,41,금단의 마술,히가시노 게이고,재인,"판매지수 22,164",2024년 02월,Mystery
5,42,해리 포터와 비밀의 방 : 미나리마 에디션,J.K. 롤링,문학수첩,"판매지수 16,338",2021년 10월,Fantasy
5,43,심판,베르나르 베르베르,열린책들,"판매지수 17,298",2020년 08월,SF
5,44,해리포터와 아즈카반의 죄수 1,J.K. 롤링,문학수첩,"판매지수 13,632",2019년 11월,Fantasy
5,45,I의 비극,요네자와 호노부,내친구의서재,"판매지수 4,032",2024년 04월,Mystery
5,46,전지적 독자 시점 PART 4 - 01,싱숑,비채,"판매지수 14,712",2023년 09월,Fantasy
5,47,해리포터와 아즈카반의 죄수 2,J.K. 롤링,문학수첩,"판매지수 13,218",2019년 11월,Fantasy
5,48,당신 인생의 이야기,테드 창,엘리,"판매지수 19,269",2016년 10월,SF
5,49,전지적 독자 시점 PART 1 - 02,싱숑,비채,"판매지수 16,500",2022년 01월,Fantasy
5,50,전지적 독자 시점 PART 4 - 02,싱숑,비채,"판매지수 15,126",2023년 09월,Fantasy
5,51,해리포터와 불의 잔 2,J.K. 롤링,문학수첩,"판매지수 11,706",2019년 11월,Fantasy
5,52,전지적 독자 시점 PART 1 - 01,싱숑,비채,"판매지수 19,179",2022년 01월,Fantasy
5,53,전지적 독자 시점 PART 3 - 01,싱숑,비채,"판매지수 15,684",2023년 01월,Fantasy
5,54,마션,앤디 위어,알에이치코리아(RHK),"판매지수 13,500",2021년 05월,SF
5,55,해리포터와 불의 잔 1,J.K. 롤링,문학수첩,"판매지수 12,006",2019년 11월,Fantasy
5,56,전지적 독자 시점 PART 5 - 01,싱숑,비채,"판매지수 15,396",2023년 09월,Fantasy
5,57,해리포터와 불의 잔 4,J.K. 롤링,문학수첩,"판매지수 10,890",2019년 11월,Fantasy
5,58,전지적 독자 시점 PART 3 - 03,싱숑,비채,"판매지수 15,090",2023년 01월,Fantasy
5,59,전지적 독자 시점 PART 4 - 04,싱숑,비채,"판매지수 15,084",2023년 09월,Fantasy
5,60,전지적 독자 시점 PART 4 - 03,싱숑,비채,"판매지수 15,024",2023년 09월,Fantasy
5,61,나와 너의 365일,유이하,모모,"판매지수 17,976",2023년 03월,Romance
5,62,전지적 독자 시점 PART 3 - 02,싱숑,비채,"판매지수 15,498",2023년 01월,Fantasy
5,63,해리포터와 불의 잔 3,J.K. 롤링,문학수첩,"판매지수 10,986",2019년 11월,Fantasy
5,64,숨,테드 창,엘리,"판매지수 10,953",2019년 05월,SF
5,65,히든 픽처스,제이슨 르쿨락,문학수첩,"판매지수 25,368",2024년 05월,Mystery
5,66,해리포터 5~7부 세트,J.K. 롤링,문학수첩,"판매지수 12,558",2020년 02월,Fantasy
5,67,전지적 독자 시점 PART 5 - 02,싱숑,비채,"판매지수 15,792",2023년 09월,Fantasy
5,68,눈에 갇힌 외딴 산장에서,히가시노 게이고,재인,"판매지수 19,443",2023년 07월,Mystery
5,69,전지적 독자 시점 PART 2 - 03,싱숑,비채,"판매지수 15,672",2023년 01월,Fantasy
5,70,듄 신장판 1,프랭크 허버트,황금가지,"판매지수 18,270",2021년 01월,SF
5,71,전지적 독자 시점 PART 2 - 01,싱숑,비채,"판매지수 15,270",2023년 01월,Fantasy
5,72,전지적 독자 시점 PART 1 - 08,싱숑,비채,"판매지수 14,304",2022년 01월,Fantasy
5,73,전지적 독자 시점 PART 1 - 03,싱숑,비채,"판매지수 15,264",2022년 01월,Fantasy
5,74,직장 상사 악령 퇴치부,이사구,황금가지,"판매지수 9,078",2024년 02월,Mystery
5,75,고백의 이유,서은수,파란 (파란미디어),"판매지수 4,578",2024년 03월,Romance
5,76,전지적 독자 시점 PART 1 - 04,싱숑,비채,"판매지수 14,394",2022년 01월,Fantasy
5,77,전지적 독자 시점 PART 1 - 07,싱숑,비채,"판매지수 13,566",2022년 01월,Fantasy
5,78,전지적 독자 시점 PART 2 - 02,싱숑,비채,"판매지수 15,576",2023년 01월,Fantasy
5,79,전지적 독자 시점 PART 1 - 06,싱숑,비채,"판매지수 13,866",2022년 01월,Fantasy
5,80,가면산장 살인사건,히가시노 게이고,재인,"판매지수 16,269",2014년 09월,Mystery
5,81,전지적 독자 시점 PART 1 - 05,싱숑,비채,"판매지수 13,602",2022년 01월,Fantasy
5,82,해리 포터 마법 연감,J.K. 롤링,문학수첩,"판매지수 12,876",2023년 12월,Fantasy
5,83,"고양이 식당, 행복을 요리합니다",다카하시 유타,빈페이지,"판매지수 8,571",2023년 05월,Fantasy
5,84,꿀벌의 예언 2,베르나르 베르베르,열린책들,"판매지수 13,176",2023년 06월,SF
5,85,트로피컬 나이트,조예은,한겨레출판,"판매지수 20,289",2022년 08월,Mystery
5,86,해리포터 1~4부 세트,J.K. 롤링,문학수첩,"판매지수 10,554",2019년 11월,Fantasy
5,87,뉴욕 3부작,폴 오스터,열린책들,"판매지수 1,686",2009년 11월,Mystery
5,88,룬의 아이들 - 블러디드 6,전민희,엘릭시르,"판매지수 5,022",2023년 09월,Fantasy
5,89,너의 췌장을 먹고 싶어 (일반판),스미노 요루,소미미디어,"판매지수 11,436",2017년 04월,Romance
5,90,이웃집 소시오패스의 사정,조예은,&(앤드),"판매지수 4,410",2024년 04월,Mystery
5,91,꿀벌의 예언 1,베르나르 베르베르,열린책들,"판매지수 13,170",2023년 06월,SF
5,92,해피엔딩에서 너를 기다릴게,산다 치에,알에이치코리아(RHK),"판매지수 13,239",2023년 01월,Romance
5,93,"나는 내일, 어제의 너와 만난다",나나츠키 타카후미,영상출판미디어,"판매지수 10,890",2016년 02월,Romance
5,94,곰탕 1,김영탁,arte(아르테),"판매지수 8,796",2018년 03월,Mystery
5,95,[예스리커버] 트로피컬 나이트,조예은,한겨레출판,"판매지수 10,269",2023년 08월,Mystery
5,96,족쇄 : 두 남매 이야기,전혜진,고즈넉이엔티,"판매지수 1,314",2024년 05월,Mystery
5,97,코너스톤 셜록 홈즈 전집,아서 코난 도일,코너스톤(도서),"판매지수 17,406",2016년 01월,Mystery
5,98,[예스리커버] 셜록 홈즈 전집 세트,아서 코난 도일,문예춘추사,"판매지수 5,484",2022년 05월,Mystery
5,99,"보지 못하는 너에게, 보이지 않는 내가",니노마에 아키라,모모,"판매지수 4,374",2024년 04월,Romance
5,100,청혼,배명훈,북하우스,"판매지수 2,808",2024년 04월,SF
6,1,아이가 없는 집,알렉스 안도릴,필름,"판매지수 43,044",2024년 06월,Mystery
6,2,내일의 으뜸,김빵,다향,"판매지수 57,792",2024년 05월,Fantasy
6,3,삼체 1~3 세트,류츠신,자음과모음,"판매지수 112,236",2024년 06월,SF
6,4,세상의 마지막 기차역,무라세 다케시,모모,"판매지수 133,161",2022년 05월,Fantasy
6,5,룬의 아이들 - 블러디드 7,전민희,엘릭시르,"판매지수 16,452",2024년 05월,Fantasy
6,6,당신을 기다리고 있어,김보영,새파란상상 (파란미디어),"판매지수 11,112",2020년 05월,SF
6,7,프로젝트 헤일메리,앤디 위어,알에이치코리아(RHK),"판매지수 60,555",2021년 05월,SF
6,8,해리포터와 마법사의 돌 1,J.K. 롤링,문학수첩,"판매지수 35,988",2019년 11월,Fantasy
6,9,달러구트 꿈 백화점,이미예,팩토리나인,"판매지수 59,394",2020년 07월,Fantasy
6,10,지구 끝의 온실,김초엽,자이언트북스,"판매지수 57,006",2021년 08월,SF
6,11,천 개의 파랑,천선란,허블,"판매지수 55,245",2020년 08월,SF
6,12,"칵테일, 러브, 좀비",조예은,안전가옥,"판매지수 48,930",2020년 04월,Mystery
6,13,해리포터와 마법사의 돌 2,J.K. 롤링,문학수첩,"판매지수 30,108",2019년 11월,Fantasy
6,14,셰이커,이희영,래빗홀,"판매지수 22,065",2024년 05월,Fantasy
6,15,[예스리커버] 우리가 빛의 속도로 갈 수 없다면,김초엽,허블,"판매지수 53,538",2019년 06월,SF
6,16,남은 인생 10년,고사카 루카,모모,"판매지수 29,397",2024년 03월,Romance
6,17,달러구트 꿈 백화점 2,이미예,팩토리나인,"판매지수 40,743",2021년 07월,Fantasy
6,18,은랑전,켄 리우,황금가지,"판매지수 4,008",2024년 06월,SF
6,19,2024 제7회 한국과학문학상 수상작품집,장민,허블,"판매지수 4,032",2024년 05월,SF
6,20,용의자 X의 헌신,히가시노 게이고,재인,"판매지수 48,414",2017년 08월,Mystery
6,21,용의자들,정해연,위즈덤하우스,"판매지수 8,340",2024년 05월,Mystery
6,22,미 비포 유,조조 모예스,다산책방,"판매지수 13,452",2024년 04월,Romance
6,23,잘못된 장소 잘못된 시간,질리언 매캘리스터,시옷북스,"판매지수 29,916",2023년 07월,Mystery
6,24,해리포터와 비밀의 방 1,J.K. 롤링,문학수첩,"판매지수 19,068",2019년 11월,Fantasy
6,25,기억서점,송유정,놀,"판매지수 7,227",2024년 05월,Fantasy
6,26,전지적 독자 시점 아트북 에디션 세트 2,싱숑,비채,"판매지수 6,906",2024년 05월,Fantasy
6,27,메리골드 마음 사진관,윤정은,북로망스,"판매지수 58,089",2024년 01월,Fantasy
6,28,악의,히가시노 게이고,현대문학,"판매지수 30,816",2019년 07월,Mystery
6,29,해리포터와 비밀의 방 2,J.K. 롤링,문학수첩,"판매지수 17,712",2019년 11월,Fantasy
6,30,히든 픽처스,제이슨 르쿨락,문학수첩,"판매지수 25,368",2024년 05월,Mystery
6,31,"오늘 밤, 거짓말의 세계에서 잊을 수 없는 사랑을",이치조 미사키,모모,"판매지수 28,656",2023년 11월,Romance
6,32,활자잔혹극,루스 렌들,북스피어,"판매지수 7,092",2024년 06월,Mystery
6,33,저주토끼,정보라,래빗홀,"판매지수 25,566",2023년 04월,SF
6,34,해리 포터와 마법사의 돌 : 미나리마 에디션,J.K. 롤링,문학수첩,"판매지수 19,407",2020년 10월,Fantasy
6,35,수상한 한의원,배명은,텍스티(TXTY),"판매지수 35,157",2024년 01월,Fantasy
6,36,그리고 아무도 없었다,애거사 크리스티,황금가지,"판매지수 24,378",2013년 12월,Mystery
6,37,눈에 갇힌 외딴 산장에서,히가시노 게이고,재인,"판매지수 19,443",2023년 07월,Mystery
6,38,재와 물거품,김청귤,안전가옥,"판매지수 18,366",2021년 05월,Fantasy
6,39,당신에게 가고 있어,김보영,새파란상상 (파란미디어),"판매지수 4,920",2020년 05월,SF
6,40,가면산장 살인사건,히가시노 게이고,재인,"판매지수 16,269",2014년 09월,Mystery
6,41,"고양이 식당, 추억을 요리합니다",다카하시 유타,빈페이지,"판매지수 11,820",2023년 05월,Fantasy
6,42,나와 너의 365일,유이하,모모,"판매지수 17,976",2023년 03월,Romance
6,43,심판,베르나르 베르베르,열린책들,"판매지수 17,298",2020년 08월,SF
6,44,트로피컬 나이트,조예은,한겨레출판,"판매지수 20,289",2022년 08월,Mystery
6,45,해리포터와 아즈카반의 죄수 1,J.K. 롤링,문학수첩,"판매지수 13,632",2019년 11월,Fantasy
6,46,금단의 마술,히가시노 게이고,재인,"판매지수 22,164",2024년 02월,Mystery
6,47,해리포터와 아즈카반의 죄수 2,J.K. 롤링,문학수첩,"판매지수 13,218",2019년 11월,Fantasy
6,48,듄 신장판 전집 세트,프랭크 허버트,황금가지,"판매지수 28,932",2021년 01월,SF
6,49,마션,앤디 위어,알에이치코리아(RHK),"판매지수 13,500",2021년 05월,SF
6,50,해리포터와 불의 잔 1,J.K. 롤링,문학수첩,"판매지수 12,006",2019년 11월,Fantasy
6,51,프리즈너,B. A. 패리스,모모,"판매지수 3,522",2024년 06월,Horror
6,52,해리 포터와 아즈카반의 죄수 : 미나리마 에디션,J.K. 롤링,문학수첩,"판매지수 21,231",2023년 10월,Fantasy
6,53,전지적 독자 시점 PART 5 - 02,싱숑,비채,"판매지수 15,792",2023년 09월,Fantasy
6,54,종이 동물원,켄 리우,황금가지,"판매지수 7,821",2018년 11월,SF
6,55,전지적 독자 시점 PART 2 - 03,싱숑,비채,"판매지수 15,672",2023년 01월,Fantasy
6,56,해리포터와 불의 잔 2,J.K. 롤링,문학수첩,"판매지수 11,706",2019년 11월,Fantasy
6,57,블랙 쇼맨과 운명의 바퀴,히가시노 게이고,알에이치코리아(RHK),"판매지수 24,054",2024년 03월,Mystery
6,58,전지적 독자 시점 PART 1 - 01,싱숑,비채,"판매지수 19,179",2022년 01월,Fantasy
6,59,러브 어페어 1~4 세트,이유진,파란 (파란미디어),"판매지수 3,306",2024년 07월,Romance
6,60,노트북,니콜라스 스파크스,모모,"판매지수 13,983",2024년 05월,Romance
6,61,말하고 싶은 비밀,사쿠라 이이요,모모,"판매지수 37,827",2023년 12월,Romance
6,62,전지적 독자 시점 PART 5 - 01,싱숑,비채,"판매지수 15,396",2023년 09월,Fantasy
6,63,전지적 독자 시점 PART 4 - 02,싱숑,비채,"판매지수 15,126",2023년 09월,Fantasy
6,64,전지적 독자 시점 PART 2 - 02,싱숑,비채,"판매지수 15,576",2023년 01월,Fantasy
6,65,직장 상사 악령 퇴치부,이사구,황금가지,"판매지수 9,078",2024년 02월,Mystery
6,66,21세기 마지막 첫사랑,김빵,자이언트북스,"판매지수 3,540",2024년 05월,Romance
6,67,전지적 독자 시점 PART 4 - 03,싱숑,비채,"판매지수 15,024",2023년 09월,Fantasy
6,68,전지적 독자 시점 PART 3 - 01,싱숑,비채,"판매지수 15,684",2023년 01월,Fantasy
6,69,전지적 독자 시점 PART 1 - 05,싱숑,비채,"판매지수 13,602",2022년 01월,Fantasy
6,70,게스트,B. A. 패리스,모모,"판매지수 3,054",2024년 06월,Horror
6,71,전지적 독자 시점 PART 4 - 04,싱숑,비채,"판매지수 15,084",2023년 09월,Fantasy
6,72,"고양이 식당, 행복을 요리합니다",다카하시 유타,빈페이지,"판매지수 8,571",2023년 05월,Fantasy
6,73,전지적 독자 시점 PART 3 - 02,싱숑,비채,"판매지수 15,498",2023년 01월,Fantasy
6,74,전지적 독자 시점 PART 2 - 01,싱숑,비채,"판매지수 15,270",2023년 01월,Fantasy
6,75,당신 인생의 이야기,테드 창,엘리,"판매지수 19,269",2016년 10월,SF
6,76,첫사랑의 침공,권혁일,안전가옥,"판매지수 6,138",2024년 06월,SF
6,77,라플라스의 마녀,히가시노 게이고,현대문학,"판매지수 18,531",2016년 01월,Mystery
6,78,전지적 독자 시점 PART 4 - 01,싱숑,비채,"판매지수 14,712",2023년 09월,Fantasy
6,79,카지노,김진명,새움,"판매지수 20,130",2022년 12월,Mystery
6,80,전지적 독자 시점 PART 1 - 04,싱숑,비채,"판매지수 14,394",2022년 01월,Fantasy
6,81,해리포터와 불의 잔 3,J.K. 롤링,문학수첩,"판매지수 10,986",2019년 11월,Fantasy
6,82,[예스리커버] 『당신 인생의 이야기』 + 『숨』 리커버 세트,테드 창,엘리,"판매지수 7,146",2024년 04월,SF
6,83,전지적 독자 시점 PART 3 - 03,싱숑,비채,"판매지수 15,090",2023년 01월,Fantasy
6,84,전지적 독자 시점 PART 1 - 06,싱숑,비채,"판매지수 13,866",2022년 01월,Fantasy
6,85,전지적 독자 시점 PART 1 - 02,싱숑,비채,"판매지수 16,500",2022년 01월,Fantasy
6,86,해리포터 5~7부 세트,J.K. 롤링,문학수첩,"판매지수 12,558",2020년 02월,Fantasy
6,87,전지적 독자 시점 PART 1 - 03,싱숑,비채,"판매지수 15,264",2022년 01월,Fantasy
6,88,해리포터와 불의 잔 4,J.K. 롤링,문학수첩,"판매지수 10,890",2019년 11월,Fantasy
6,89,너는 달밤에 빛나고,사노 테츠야,디앤씨미디어(D&C미디어),"판매지수 9,828",2018년 04월,Romance
6,90,코너스톤 셜록 홈즈 전집,아서 코난 도일,코너스톤(도서),"판매지수 17,406",2016년 01월,Mystery
6,91,전지적 독자 시점 PART 1 - 07,싱숑,비채,"판매지수 13,566",2022년 01월,Fantasy
6,92,퐁 카페의 마음 배달 고양이,시메노 나기,놀,"판매지수 4,260",2024년 05월,Fantasy
6,93,해리포터 1~4부 세트,J.K. 롤링,문학수첩,"판매지수 10,554",2019년 11월,Fantasy
6,94,꿀벌의 예언 2,베르나르 베르베르,열린책들,"판매지수 13,176",2023년 06월,SF
6,95,꿀벌의 예언 1,베르나르 베르베르,열린책들,"판매지수 13,170",2023년 06월,SF
6,96,전지적 독자 시점 PART 1 - 08,싱숑,비채,"판매지수 14,304",2022년 01월,Fantasy
6,97,"나는 내일, 어제의 너와 만난다",나나츠키 타카후미,영상출판미디어,"판매지수 10,890",2016년 02월,Romance
6,98,"보지 못하는 너에게, 보이지 않는 내가",니노마에 아키라,모모,"판매지수 4,374",2024년 04월,Romance
6,99,어떤 물질의 사랑,천선란,아작,"판매지수 7,071",2020년 07월,SF
6,100,해피엔딩에서 너를 기다릴게,산다 치에,알에이치코리아(RHK),"판매지수 13,239",2023년 01월,Romance
7,1,언젠가 우리가 같은 별을 바라본다면,차인표,해결책,"판매지수 361,692",2021년 12월,History
7,2,당신이 누군가를 죽였다,히가시노 게이고,북다,"판매지수 139,488",2024년 07월,Mystery
7,3,아이가 없는 집,알렉스 안도릴,필름,"판매지수 43,044",2024년 06월,Mystery
7,4,세상의 마지막 기차역,무라세 다케시,모모,"판매지수 133,161",2022년 05월,Fantasy
7,5,적산가옥의 유령,조예은,현대문학,"판매지수 12,330",2024년 06월,Mystery
7,6,달러구트 꿈 백화점,이미예,팩토리나인,"판매지수 59,394",2020년 07월,Fantasy
7,7,지구 끝의 온실,김초엽,자이언트북스,"판매지수 57,006",2021년 08월,SF
7,8,삼체 1~3 세트,류츠신,자음과모음,"판매지수 112,236",2024년 06월,SF
7,9,용의자 X의 헌신,히가시노 게이고,재인,"판매지수 48,414",2017년 08월,Mystery
7,10,"칵테일, 러브, 좀비",조예은,안전가옥,"판매지수 48,930",2020년 04월,Mystery
7,11,천 개의 파랑,천선란,허블,"판매지수 55,245",2020년 08월,SF
7,12,해리포터와 마법사의 돌 1,J.K. 롤링,문학수첩,"판매지수 35,988",2019년 11월,Fantasy
7,13,프로젝트 헤일메리,앤디 위어,알에이치코리아(RHK),"판매지수 60,555",2021년 05월,SF
7,14,돌이킬 수 있는,문목하,아작,"판매지수 21,552",2018년 12월,Mystery
7,15,[예스리커버] 우리가 빛의 속도로 갈 수 없다면,김초엽,허블,"판매지수 53,538",2019년 06월,SF
7,16,달러구트 꿈 백화점 2,이미예,팩토리나인,"판매지수 40,743",2021년 07월,Fantasy
7,17,해리포터와 마법사의 돌 2,J.K. 롤링,문학수첩,"판매지수 30,108",2019년 11월,Fantasy
7,18,라플라스의 마녀,히가시노 게이고,현대문학,"판매지수 18,531",2016년 01월,Mystery
7,19,내일의 으뜸,김빵,다향,"판매지수 57,792",2024년 05월,Fantasy
7,20,십계,유키 하루오,블루홀6,"판매지수 6,036",2024년 07월,Mystery
7,21,히든 픽처스,제이슨 르쿨락,문학수첩,"판매지수 25,368",2024년 05월,Mystery
7,22,오렌지와 빵칼,청예,허블,"판매지수 10,533",2024년 07월,Mystery
7,23,셰이커,이희영,래빗홀,"판매지수 22,065",2024년 05월,Fantasy
7,24,인어 사냥,차인표,해결책,"판매지수 15,672",2022년 10월,Fantasy
7,25,마력의 태동,히가시노 게이고,현대문학,"판매지수 9,126",2019년 01월,Mystery
7,26,악의,히가시노 게이고,현대문학,"판매지수 30,816",2019년 07월,Mystery
7,27,활자잔혹극,루스 렌들,북스피어,"판매지수 7,092",2024년 06월,Mystery
7,28,해리포터와 비밀의 방 1,J.K. 롤링,문학수첩,"판매지수 19,068",2019년 11월,Fantasy
7,29,저주토끼,정보라,래빗홀,"판매지수 25,566",2023년 04월,SF
7,30,13.67,찬호께이,한스미디어,"판매지수 12,468",2023년 01월,Mystery
7,31,해리포터와 비밀의 방 2,J.K. 롤링,문학수첩,"판매지수 17,712",2019년 11월,Fantasy
7,32,"오늘 밤, 거짓말의 세계에서 잊을 수 없는 사랑을",이치조 미사키,모모,"판매지수 28,656",2023년 11월,Romance
7,33,메리골드 마음 사진관,윤정은,북로망스,"판매지수 58,089",2024년 01월,Fantasy
7,34,말하고 싶은 비밀,사쿠라 이이요,모모,"판매지수 37,827",2023년 12월,Romance
7,35,러브 어페어 1~4 세트,이유진,파란 (파란미디어),"판매지수 3,306",2024년 07월,Romance
7,36,그리고 아무도 없었다,애거사 크리스티,황금가지,"판매지수 24,378",2013년 12월,Mystery
7,37,잘못된 장소 잘못된 시간,질리언 매캘리스터,시옷북스,"판매지수 29,916",2023년 07월,Mystery
7,38,살육에 이르는 병,아비코 다케마루,검은숲,"판매지수 10,866",2016년 07월,Horror
7,39,걷는 망자,미쓰다 신조,리드비(READbie),"판매지수 5,136",2024년 07월,Mystery
7,40,수상한 한의원,배명은,텍스티(TXTY),"판매지수 35,157",2024년 01월,Fantasy
7,41,룬의 아이들 - 블러디드 7,전민희,엘릭시르,"판매지수 16,452",2024년 05월,Fantasy
7,42,당신을 기다리고 있어,김보영,새파란상상 (파란미디어),"판매지수 11,112",2020년 05월,SF
7,43,달의 아이,최윤석,포레스트북스,"판매지수 9,312",2023년 09월,Fantasy
7,44,전지적 독자 시점 PART 5 - 02,싱숑,비채,"판매지수 15,792",2023년 09월,Fantasy
7,45,광마회귀 1~4 세트,유진성,문학수첩,"판매지수 1,668",2024년 07월,Muhyop
7,46,전지적 독자 시점 PART 5 - 01,싱숑,비채,"판매지수 15,396",2023년 09월,Fantasy
7,47,미 비포 유,조조 모예스,다산책방,"판매지수 13,452",2024년 04월,Romance
7,48,남은 인생 10년,고사카 루카,모모,"판매지수 29,397",2024년 03월,Romance
7,49,전지적 독자 시점 PART 4 - 01,싱숑,비채,"판매지수 14,712",2023년 09월,Fantasy
7,50,전지적 독자 시점 PART 1 - 01,싱숑,비채,"판매지수 19,179",2022년 01월,Fantasy
7,51,전지적 독자 시점 PART 1 - 02,싱숑,비채,"판매지수 16,500",2022년 01월,Fantasy
7,52,전지적 독자 시점 PART 4 - 03,싱숑,비채,"판매지수 15,024",2023년 09월,Fantasy
7,53,전지적 독자 시점 PART 4 - 02,싱숑,비채,"판매지수 15,126",2023년 09월,Fantasy
7,54,마션,앤디 위어,알에이치코리아(RHK),"판매지수 13,500",2021년 05월,SF
7,55,전지적 독자 시점 PART 4 - 04,싱숑,비채,"판매지수 15,084",2023년 09월,Fantasy
7,56,용의자들,정해연,위즈덤하우스,"판매지수 8,340",2024년 05월,Mystery
7,57,방주,유키 하루오,블루홀6,"판매지수 11,517",2023년 02월,Mystery
7,58,전지적 독자 시점 PART 3 - 03,싱숑,비채,"판매지수 15,090",2023년 01월,Fantasy
7,59,전지적 독자 시점 PART 3 - 02,싱숑,비채,"판매지수 15,498",2023년 01월,Fantasy
7,60,해리포터와 아즈카반의 죄수 2,J.K. 롤링,문학수첩,"판매지수 13,218",2019년 11월,Fantasy
7,61,코너스톤 셜록 홈즈 전집,아서 코난 도일,코너스톤(도서),"판매지수 17,406",2016년 01월,Mystery
7,62,가면산장 살인사건,히가시노 게이고,재인,"판매지수 16,269",2014년 09월,Mystery
7,63,해리포터와 아즈카반의 죄수 1,J.K. 롤링,문학수첩,"판매지수 13,632",2019년 11월,Fantasy
7,64,이문열 삼국지 세트,이문열,알에이치코리아(RHK),"판매지수 14,082",2020년 03월,History
7,65,심판,베르나르 베르베르,열린책들,"판매지수 17,298",2020년 08월,SF
7,66,나와 너의 365일,유이하,모모,"판매지수 17,976",2023년 03월,Romance
7,67,전지적 독자 시점 PART 3 - 01,싱숑,비채,"판매지수 15,684",2023년 01월,Fantasy
7,68,전지적 독자 시점 PART 1 - 03,싱숑,비채,"판매지수 15,264",2022년 01월,Fantasy
7,69,첫사랑의 침공,권혁일,안전가옥,"판매지수 6,138",2024년 06월,SF
7,70,블랙 쇼맨과 운명의 바퀴,히가시노 게이고,알에이치코리아(RHK),"판매지수 24,054",2024년 03월,Mystery
7,71,재와 물거품,김청귤,안전가옥,"판매지수 18,366",2021년 05월,Fantasy
7,72,전지적 독자 시점 PART 2 - 02,싱숑,비채,"판매지수 15,576",2023년 01월,Fantasy
7,73,프리즈너,B. A. 패리스,모모,"판매지수 3,522",2024년 06월,Horror
7,74,이끼숲,천선란,자이언트북스,"판매지수 9,246",2023년 05월,SF
7,75,해리포터와 불의 잔 1,J.K. 롤링,문학수첩,"판매지수 12,006",2019년 11월,Fantasy
7,76,전지적 독자 시점 PART 2 - 01,싱숑,비채,"판매지수 15,270",2023년 01월,Fantasy
7,77,전지적 독자 시점 PART 1 - 04,싱숑,비채,"판매지수 14,394",2022년 01월,Fantasy
7,78,전지적 독자 시점 PART 1 - 05,싱숑,비채,"판매지수 13,602",2022년 01월,Fantasy
7,79,너의 췌장을 먹고 싶어 (일반판),스미노 요루,소미미디어,"판매지수 11,436",2017년 04월,Romance
7,80,게스트,B. A. 패리스,모모,"판매지수 3,054",2024년 06월,Horror
7,81,고백,미나토 가나에,비채,"판매지수 10,290",2018년 08월,Horror
7,82,전지적 독자 시점 PART 2 - 03,싱숑,비채,"판매지수 15,672",2023년 01월,Fantasy
7,83,전지적 독자 시점 PART 1 - 06,싱숑,비채,"판매지수 13,866",2022년 01월,Fantasy
7,84,전지적 독자 시점 PART 1 - 08,싱숑,비채,"판매지수 14,304",2022년 01월,Fantasy
7,85,해리포터와 불의 잔 3,J.K. 롤링,문학수첩,"판매지수 10,986",2019년 11월,Fantasy
7,86,해리포터와 불의 잔 2,J.K. 롤링,문학수첩,"판매지수 11,706",2019년 11월,Fantasy
7,87,[예스리커버] 셜록 홈즈 전집 세트,아서 코난 도일,문예춘추사,"판매지수 5,484",2022년 05월,Mystery
7,88,트로피컬 나이트,조예은,한겨레출판,"판매지수 20,289",2022년 08월,Mystery
7,89,해리 포터와 마법사의 돌 : 미나리마 에디션,J.K. 롤링,문학수첩,"판매지수 19,407",2020년 10월,Fantasy
7,90,너는 달밤에 빛나고,사노 테츠야,디앤씨미디어(D&C미디어),"판매지수 9,828",2018년 04월,Romance
7,91,네가 유성처럼 스러지는 모습을 지켜볼 운명이었다,미나토 쇼,필름,"판매지수 15,198",2024년 07월,Romance
7,92,해리포터와 불의 잔 4,J.K. 롤링,문학수첩,"판매지수 10,890",2019년 11월,Fantasy
7,93,전지적 독자 시점 PART 1 - 07,싱숑,비채,"판매지수 13,566",2022년 01월,Fantasy
7,94,추리소설가의 살인사건,히가시노 게이고,소미미디어,"판매지수 4,752",2024년 07월,Mystery
7,95,해리 포터와 아즈카반의 죄수 : 미나리마 에디션,J.K. 롤링,문학수첩,"판매지수 21,231",2023년 10월,Fantasy
7,96,해리포터 5~7부 세트,J.K. 롤링,문학수첩,"판매지수 12,558",2020년 02월,Fantasy
7,97,눈에 갇힌 외딴 산장에서,히가시노 게이고,재인,"판매지수 19,443",2023년 07월,Mystery
7,98,[예스리커버] 트로피컬 나이트,조예은,한겨레출판,"판매지수 10,269",2023년 08월,Mystery
7,99,"고양이 식당, 추억을 요리합니다",다카하시 유타,빈페이지,"판매지수 11,820",2023년 05월,Fantasy
7,100,해피엔딩에서 너를 기다릴게,산다 치에,알에이치코리아(RHK),"판매지수 13,239",2023년 01월,Romance
8,1,당신이 누군가를 죽였다,히가시노 게이고,북다,"판매지수 139,488",2024년 07월,Mystery
8,2,언젠가 우리가 같은 별을 바라본다면,차인표,해결책,"판매지수 361,692",2021년 12월,History
8,3,백설공주에게 죽음을 (특별판),넬레 노이하우스,북로드,"판매지수 39,837",2024년 05월,Mystery
8,4,세상의 마지막 기차역,무라세 다케시,모모,"판매지수 133,161",2022년 05월,Fantasy
8,5,네가 유성처럼 스러지는 모습을 지켜볼 운명이었다,미나토 쇼,필름,"판매지수 15,198",2024년 07월,Romance
8,6,아이가 없는 집,알렉스 안도릴,필름,"판매지수 43,044",2024년 06월,Mystery
8,7,데뷔 못 하면 죽는 병 걸림 3부 초판 한정 굿즈박스 세트,백덕수,위시북스,"판매지수 22,245",2024년 12월,Fantasy
8,8,지구 끝의 온실,김초엽,자이언트북스,"판매지수 57,006",2021년 08월,SF
8,9,천 개의 파랑,천선란,허블,"판매지수 55,245",2020년 08월,SF
8,10,프로젝트 헤일메리,앤디 위어,알에이치코리아(RHK),"판매지수 60,555",2021년 05월,SF
8,11,용의자 X의 헌신,히가시노 게이고,재인,"판매지수 48,414",2017년 08월,Mystery
8,12,삼체 1~3 세트,류츠신,자음과모음,"판매지수 112,236",2024년 06월,SF
8,13,"칵테일, 러브, 좀비",조예은,안전가옥,"판매지수 48,930",2020년 04월,Mystery
8,14,범도 1,방현석,문학동네,"판매지수 9,318",2023년 06월,History
8,15,[예스리커버] 우리가 빛의 속도로 갈 수 없다면,김초엽,허블,"판매지수 53,538",2019년 06월,SF
8,16,히든 픽처스,제이슨 르쿨락,문학수첩,"판매지수 25,368",2024년 05월,Mystery
8,17,인어 사냥,차인표,해결책,"판매지수 15,672",2022년 10월,Fantasy
8,18,달러구트 꿈 백화점,이미예,팩토리나인,"판매지수 59,394",2020년 07월,Fantasy
8,19,말하고 싶은 비밀,사쿠라 이이요,모모,"판매지수 37,827",2023년 12월,Romance
8,20,해리포터와 마법사의 돌 1,J.K. 롤링,문학수첩,"판매지수 35,988",2019년 11월,Fantasy
8,21,범도 2,방현석,문학동네,"판매지수 8,682",2023년 06월,History
8,22,은하수를 여행하는 히치하이커를 위한 안내서 1,더글러스 애덤스,책세상,"판매지수 10,500",2004년 12월,SF
8,23,이름 없는 여자의 여덟 가지 인생,이미리내,위즈덤하우스,"판매지수 9,150",2024년 07월,History
8,24,달러구트 꿈 백화점 2,이미예,팩토리나인,"판매지수 40,743",2021년 07월,Fantasy
8,25,해리포터와 마법사의 돌 2,J.K. 롤링,문학수첩,"판매지수 30,108",2019년 11월,Fantasy
8,26,돌이킬 수 있는,문목하,아작,"판매지수 21,552",2018년 12월,Mystery
8,27,가연물 可燃物,요네자와 호노부,리드비(READbie),"판매지수 10,740",2024년 08월,Mystery
8,28,적산가옥의 유령,조예은,현대문학,"판매지수 12,330",2024년 06월,Mystery
8,29,오렌지와 빵칼,청예,허블,"판매지수 10,533",2024년 07월,Mystery
8,30,말하고 싶은 비밀 Vol.2,사쿠라 이이요,모모,"판매지수 15,480",2024년 07월,Romance
8,31,2023년생,듀나,폴라북스,"판매지수 2,694",2024년 08월,SF
8,32,악의,히가시노 게이고,현대문학,"판매지수 30,816",2019년 07월,Mystery
8,33,데뷔 못 하면 죽는 병 걸림 3부 초판 양장본 세트,백덕수,위시북스,"판매지수 8,913",2024년 12월,Fantasy
8,34,카지노,김진명,새움,"판매지수 20,130",2022년 12월,Mystery
8,35,그리고 아무도 없었다,애거사 크리스티,황금가지,"판매지수 24,378",2013년 12월,Mystery
8,36,걷는 망자,미쓰다 신조,리드비(READbie),"판매지수 5,136",2024년 07월,Mystery
8,37,라플라스의 마녀,히가시노 게이고,현대문학,"판매지수 18,531",2016년 01월,Mystery
8,38,"오늘 밤, 거짓말의 세계에서 잊을 수 없는 사랑을",이치조 미사키,모모,"판매지수 28,656",2023년 11월,Romance
8,39,해리포터와 비밀의 방 1,J.K. 롤링,문학수첩,"판매지수 19,068",2019년 11월,Fantasy
8,40,13.67,찬호께이,한스미디어,"판매지수 12,468",2023년 01월,Mystery
8,41,해리포터와 비밀의 방 2,J.K. 롤링,문학수첩,"판매지수 17,712",2019년 11월,Fantasy
8,42,셰이커,이희영,래빗홀,"판매지수 22,065",2024년 05월,Fantasy
8,43,저주토끼,정보라,래빗홀,"판매지수 25,566",2023년 04월,SF
8,44,남은 인생 10년,고사카 루카,모모,"판매지수 29,397",2024년 03월,Romance
8,45,코너스톤 셜록 홈즈 전집,아서 코난 도일,코너스톤(도서),"판매지수 17,406",2016년 01월,Mystery
8,46,해리포터와 아즈카반의 죄수 1,J.K. 롤링,문학수첩,"판매지수 13,632",2019년 11월,Fantasy
8,47,2인조,정해연,엘릭시르,"판매지수 3,912",2024년 07월,Mystery
8,48,십계,유키 하루오,블루홀6,"판매지수 6,036",2024년 07월,Mystery
8,49,잘못된 장소 잘못된 시간,질리언 매캘리스터,시옷북스,"판매지수 29,916",2023년 07월,Mystery
8,50,해리포터와 아즈카반의 죄수 2,J.K. 롤링,문학수첩,"판매지수 13,218",2019년 11월,Fantasy
8,51,내일의 으뜸,김빵,다향,"판매지수 57,792",2024년 05월,Fantasy
8,52,메리골드 마음 사진관,윤정은,북로망스,"판매지수 58,089",2024년 01월,Fantasy
8,53,"고양이 식당, 추억을 요리합니다",다카하시 유타,빈페이지,"판매지수 11,820",2023년 05월,Fantasy
8,54,전지적 독자 시점 PART 1 - 01,싱숑,비채,"판매지수 19,179",2022년 01월,Fantasy
8,55,해리포터와 불의 잔 1,J.K. 롤링,문학수첩,"판매지수 12,006",2019년 11월,Fantasy
8,56,"아서 코난 도일, 선상 미스터리 단편 컬렉션",아서 코난 도일,센텐스,"판매지수 3,036",2024년 08월,Mystery
8,57,재와 물거품,김청귤,안전가옥,"판매지수 18,366",2021년 05월,Fantasy
8,58,해리포터와 불의 잔 2,J.K. 롤링,문학수첩,"판매지수 11,706",2019년 11월,Fantasy
8,59,마력의 태동,히가시노 게이고,현대문학,"판매지수 9,126",2019년 01월,Mystery
8,60,전지적 독자 시점 PART 1 - 02,싱숑,비채,"판매지수 16,500",2022년 01월,Fantasy
8,61,나와 너의 365일,유이하,모모,"판매지수 17,976",2023년 03월,Romance
8,62,제노사이드,다카노 가즈아키,황금가지,"판매지수 10,833",2012년 06월,Mystery
8,63,해피엔딩에서 너를 기다릴게,산다 치에,알에이치코리아(RHK),"판매지수 13,239",2023년 01월,Romance
8,64,가면산장 살인사건,히가시노 게이고,재인,"판매지수 16,269",2014년 09월,Mystery
8,65,활자잔혹극,루스 렌들,북스피어,"판매지수 7,092",2024년 06월,Mystery
8,66,해리포터와 불의 잔 3,J.K. 롤링,문학수첩,"판매지수 10,986",2019년 11월,Fantasy
8,67,살육에 이르는 병,아비코 다케마루,검은숲,"판매지수 10,866",2016년 07월,Horror
8,68,전지적 독자 시점 PART 2 - 01,싱숑,비채,"판매지수 15,270",2023년 01월,Fantasy
8,69,전지적 독자 시점 PART 2 - 02,싱숑,비채,"판매지수 15,576",2023년 01월,Fantasy
8,70,미 비포 유,조조 모예스,다산책방,"판매지수 13,452",2024년 04월,Romance
8,71,전지적 독자 시점 PART 2 - 03,싱숑,비채,"판매지수 15,672",2023년 01월,Fantasy
8,72,용의자들,정해연,위즈덤하우스,"판매지수 8,340",2024년 05월,Mystery
8,73,해리포터와 불의 잔 4,J.K. 롤링,문학수첩,"판매지수 10,890",2019년 11월,Fantasy
8,74,전지적 독자 시점 PART 3 - 01,싱숑,비채,"판매지수 15,684",2023년 01월,Fantasy
8,75,수상한 한의원,배명은,텍스티(TXTY),"판매지수 35,157",2024년 01월,Fantasy
8,76,해리포터 5~7부 세트,J.K. 롤링,문학수첩,"판매지수 12,558",2020년 02월,Fantasy
8,77,과거로 돌아가는 역,시미즈 하루키,빈페이지,"판매지수 2,946",2024년 08월,Fantasy
8,78,귀매,유은지,문학동네,"판매지수 2,538",2024년 07월,Mystery
8,79,전지적 독자 시점 PART 1 - 08,싱숑,비채,"판매지수 14,304",2022년 01월,Fantasy
8,80,전지적 독자 시점 PART 3 - 02,싱숑,비채,"판매지수 15,498",2023년 01월,Fantasy
8,81,트로피컬 나이트,조예은,한겨레출판,"판매지수 20,289",2022년 08월,Mystery
8,82,전지적 독자 시점 PART 4 - 02,싱숑,비채,"판매지수 15,126",2023년 09월,Fantasy
8,83,전지적 독자 시점 PART 3 - 03,싱숑,비채,"판매지수 15,090",2023년 01월,Fantasy
8,84,당신을 기다리고 있어,김보영,새파란상상 (파란미디어),"판매지수 11,112",2020년 05월,SF
8,85,홀리,스티븐 킹,황금가지,"판매지수 6,810",2024년 08월,Mystery
8,86,전지적 독자 시점 PART 4 - 03,싱숑,비채,"판매지수 15,024",2023년 09월,Fantasy
8,87,은하수를 여행하는 히치하이커를 위한 안내서 2,더글러스 애덤스,책세상,"판매지수 4,299",2004년 12월,SF
8,88,전지적 독자 시점 PART 5 - 01,싱숑,비채,"판매지수 15,396",2023년 09월,Fantasy
8,89,전지적 독자 시점 PART 4 - 01,싱숑,비채,"판매지수 14,712",2023년 09월,Fantasy
8,90,전지적 독자 시점 PART 5 - 02,싱숑,비채,"판매지수 15,792",2023년 09월,Fantasy
8,91,전지적 독자 시점 PART 4 - 04,싱숑,비채,"판매지수 15,084",2023년 09월,Fantasy
8,92,당신 인생의 이야기,테드 창,엘리,"판매지수 19,269",2016년 10월,SF
8,93,전지적 독자 시점 PART 1 - 07,싱숑,비채,"판매지수 13,566",2022년 01월,Fantasy
8,94,전지적 독자 시점 PART 1 - 03,싱숑,비채,"판매지수 15,264",2022년 01월,Fantasy
8,95,마션,앤디 위어,알에이치코리아(RHK),"판매지수 13,500",2021년 05월,SF
8,96,방주,유키 하루오,블루홀6,"판매지수 11,517",2023년 02월,Mystery
8,97,전지적 독자 시점 PART 1 - 06,싱숑,비채,"판매지수 13,866",2022년 01월,Fantasy
8,98,전지적 독자 시점 PART 1 - 05,싱숑,비채,"판매지수 13,602",2022년 01월,Fantasy
8,99,전지적 독자 시점 PART 1 - 04,싱숑,비채,"판매지수 14,394",2022년 01월,Fantasy
8,100,고백,미나토 가나에,비채,"판매지수 10,290",2018년 08월,Horror
9,1,언젠가 우리가 같은 별을 바라본다면,차인표,해결책,"판매지수 361,692",2021년 12월,History
9,2,당신이 누군가를 죽였다,히가시노 게이고,북다,"판매지수 139,488",2024년 07월,Mystery
9,3,백설공주에게 죽음을 (특별판),넬레 노이하우스,북로드,"판매지수 39,837",2024년 05월,Mystery
9,4,세상의 마지막 기차역,무라세 다케시,모모,"판매지수 133,161",2022년 05월,Fantasy
9,5,데뷔 못 하면 죽는 병 걸림 3부 초판 한정 굿즈박스 세트,백덕수,위시북스,"판매지수 22,245",2024년 12월,Fantasy
9,6,용의자 X의 헌신,히가시노 게이고,재인,"판매지수 48,414",2017년 08월,Mystery
9,7,삼체 1~3 세트,류츠신,자음과모음,"판매지수 112,236",2024년 06월,SF
9,8,카스트라토,표창원,&(앤드),"판매지수 11,406",2024년 09월,Mystery
9,9,남은 인생 10년,고사카 루카,모모,"판매지수 29,397",2024년 03월,Romance
9,10,프로젝트 헤일메리,앤디 위어,알에이치코리아(RHK),"판매지수 60,555",2021년 05월,SF
9,11,아이가 없는 집,알렉스 안도릴,필름,"판매지수 43,044",2024년 06월,Mystery
9,12,인어 사냥,차인표,해결책,"판매지수 15,672",2022년 10월,Fantasy
9,13,말하고 싶은 비밀,사쿠라 이이요,모모,"판매지수 37,827",2023년 12월,Romance
9,14,"칵테일, 러브, 좀비",조예은,안전가옥,"판매지수 48,930",2020년 04월,Mystery
9,15,달러구트 꿈 백화점,이미예,팩토리나인,"판매지수 59,394",2020년 07월,Fantasy
9,16,홀리,스티븐 킹,황금가지,"판매지수 6,810",2024년 08월,Mystery
9,17,가연물 可燃物,요네자와 호노부,리드비(READbie),"판매지수 10,740",2024년 08월,Mystery
9,18,사랑 후에 오는 것들 세트,공지영,소담출판사,"판매지수 38,745",2024년 08월,Romance
9,19,해리포터와 마법사의 돌 1,J.K. 롤링,문학수첩,"판매지수 35,988",2019년 11월,Fantasy
9,20,해리포터와 마법사의 돌 2,J.K. 롤링,문학수첩,"판매지수 30,108",2019년 11월,Fantasy
9,21,천 개의 파랑,천선란,허블,"판매지수 55,245",2020년 08월,SF
9,22,지구 끝의 온실,김초엽,자이언트북스,"판매지수 57,006",2021년 08월,SF
9,23,[예스리커버] 우리가 빛의 속도로 갈 수 없다면,김초엽,허블,"판매지수 53,538",2019년 06월,SF
9,24,달러구트 꿈 백화점 2,이미예,팩토리나인,"판매지수 40,743",2021년 07월,Fantasy
9,25,데뷔 못 하면 죽는 병 걸림 3부 초판 양장본 세트,백덕수,위시북스,"판매지수 8,913",2024년 12월,Fantasy
9,26,히든 픽처스,제이슨 르쿨락,문학수첩,"판매지수 25,368",2024년 05월,Mystery
9,27,악의,히가시노 게이고,현대문학,"판매지수 30,816",2019년 07월,Mystery
9,28,청과 부동명왕,미야베 미유키,북스피어,"판매지수 4,758",2024년 09월,Mystery
9,29,말하고 싶은 비밀 Vol.2,사쿠라 이이요,모모,"판매지수 15,480",2024년 07월,Romance
9,30,카지노,김진명,새움,"판매지수 20,130",2022년 12월,Mystery
9,31,그리고 아무도 없었다,애거사 크리스티,황금가지,"판매지수 24,378",2013년 12월,Mystery
9,32,해리포터와 비밀의 방 1,J.K. 롤링,문학수첩,"판매지수 19,068",2019년 11월,Fantasy
9,33,해리포터와 비밀의 방 2,J.K. 롤링,문학수첩,"판매지수 17,712",2019년 11월,Fantasy
9,34,네가 유성처럼 스러지는 모습을 지켜볼 운명이었다,미나토 쇼,필름,"판매지수 15,198",2024년 07월,Romance
9,35,이름 없는 여자의 여덟 가지 인생,이미리내,위즈덤하우스,"판매지수 9,150",2024년 07월,History
9,36,숨겨진 건 죽음,앤터니 호로비츠,열린책들,"판매지수 2,964",2024년 08월,Mystery
9,37,돌이킬 수 있는,문목하,아작,"판매지수 21,552",2018년 12월,Mystery
9,38,살인 재능,피터 스완슨,푸른숲,"판매지수 3,126",2024년 08월,Mystery
9,39,악마의 계약서는 만기 되지 않는다,리러하,팩토리나인,"판매지수 5,370",2022년 08월,Mystery
9,40,"오늘 밤, 거짓말의 세계에서 잊을 수 없는 사랑을",이치조 미사키,모모,"판매지수 28,656",2023년 11월,Romance
9,41,해리포터와 아즈카반의 죄수 1,J.K. 롤링,문학수첩,"판매지수 13,632",2019년 11월,Fantasy
9,42,해리포터와 아즈카반의 죄수 2,J.K. 롤링,문학수첩,"판매지수 13,218",2019년 11월,Fantasy
9,43,트로피컬 나이트,조예은,한겨레출판,"판매지수 20,289",2022년 08월,Mystery
9,44,적산가옥의 유령,조예은,현대문학,"판매지수 12,330",2024년 06월,Mystery
9,45,잘못된 장소 잘못된 시간,질리언 매캘리스터,시옷북스,"판매지수 29,916",2023년 07월,Mystery
9,46,라플라스의 마녀,히가시노 게이고,현대문학,"판매지수 18,531",2016년 01월,Mystery
9,47,해리포터와 불의 잔 2,J.K. 롤링,문학수첩,"판매지수 11,706",2019년 11월,Fantasy
9,48,저주토끼,정보라,래빗홀,"판매지수 25,566",2023년 04월,SF
9,49,심판,베르나르 베르베르,열린책들,"판매지수 17,298",2020년 08월,SF
9,50,해리포터와 불의 잔 1,J.K. 롤링,문학수첩,"판매지수 12,006",2019년 11월,Fantasy
9,51,코너스톤 셜록 홈즈 전집,아서 코난 도일,코너스톤(도서),"판매지수 17,406",2016년 01월,Mystery
9,52,오렌지와 빵칼,청예,허블,"판매지수 10,533",2024년 07월,Mystery
9,53,전지적 독자 시점 PART 1 - 01,싱숑,비채,"판매지수 19,179",2022년 01월,Fantasy
9,54,미키7 소설 세트,에드워드 애슈턴,황금가지,"판매지수 8,538",2023년 11월,SF
9,55,가면산장 살인사건,히가시노 게이고,재인,"판매지수 16,269",2014년 09월,Mystery
9,56,당신 인생의 이야기,테드 창,엘리,"판매지수 19,269",2016년 10월,SF
9,57,은하수를 여행하는 히치하이커를 위한 안내서 1,더글러스 애덤스,책세상,"판매지수 10,500",2004년 12월,SF
9,58,해리포터와 불의 잔 4,J.K. 롤링,문학수첩,"판매지수 10,890",2019년 11월,Fantasy
9,59,셰이커,이희영,래빗홀,"판매지수 22,065",2024년 05월,Fantasy
9,60,해리포터와 불의 잔 3,J.K. 롤링,문학수첩,"판매지수 10,986",2019년 11월,Fantasy
9,61,전지적 독자 시점 PART 1 - 02,싱숑,비채,"판매지수 16,500",2022년 01월,Fantasy
9,62,방주,유키 하루오,블루홀6,"판매지수 11,517",2023년 02월,Mystery
9,63,전지적 독자 시점 PART 4 - 01,싱숑,비채,"판매지수 14,712",2023년 09월,Fantasy
9,64,전지적 독자 시점 PART 3 - 03,싱숑,비채,"판매지수 15,090",2023년 01월,Fantasy
9,65,전지적 독자 시점 PART 1 - 03,싱숑,비채,"판매지수 15,264",2022년 01월,Fantasy
9,66,전지적 독자 시점 PART 4 - 02,싱숑,비채,"판매지수 15,126",2023년 09월,Fantasy
9,67,재와 물거품,김청귤,안전가옥,"판매지수 18,366",2021년 05월,Fantasy
9,68,전지적 독자 시점 PART 5 - 01,싱숑,비채,"판매지수 15,396",2023년 09월,Fantasy
9,69,전지적 독자 시점 PART 3 - 02,싱숑,비채,"판매지수 15,498",2023년 01월,Fantasy
9,70,전지적 독자 시점 PART 2 - 03,싱숑,비채,"판매지수 15,672",2023년 01월,Fantasy
9,71,전지적 독자 시점 PART 3 - 01,싱숑,비채,"판매지수 15,684",2023년 01월,Fantasy
9,72,전지적 독자 시점 PART 1 - 06,싱숑,비채,"판매지수 13,866",2022년 01월,Fantasy
9,73,전지적 독자 시점 PART 5 - 02,싱숑,비채,"판매지수 15,792",2023년 09월,Fantasy
9,74,전지적 독자 시점 PART 4 - 04,싱숑,비채,"판매지수 15,084",2023년 09월,Fantasy
9,75,전지적 독자 시점 PART 4 - 03,싱숑,비채,"판매지수 15,024",2023년 09월,Fantasy
9,76,전지적 독자 시점 PART 2 - 02,싱숑,비채,"판매지수 15,576",2023년 01월,Fantasy
9,77,메리골드 마음 사진관,윤정은,북로망스,"판매지수 58,089",2024년 01월,Fantasy
9,78,범도 2,방현석,문학동네,"판매지수 8,682",2023년 06월,History
9,79,전지적 독자 시점 PART 1 - 04,싱숑,비채,"판매지수 14,394",2022년 01월,Fantasy
9,80,해리 포터와 아즈카반의 죄수 : 미나리마 에디션,J.K. 롤링,문학수첩,"판매지수 21,231",2023년 10월,Fantasy
9,81,전지적 독자 시점 PART 1 - 05,싱숑,비채,"판매지수 13,602",2022년 01월,Fantasy
9,82,해리포터 5~7부 세트,J.K. 롤링,문학수첩,"판매지수 12,558",2020년 02월,Fantasy
9,83,미 비포 유,조조 모예스,다산책방,"판매지수 13,452",2024년 04월,Romance
9,84,13.67,찬호께이,한스미디어,"판매지수 12,468",2023년 01월,Mystery
9,85,전지적 독자 시점 PART 2 - 01,싱숑,비채,"판매지수 15,270",2023년 01월,Fantasy
9,86,전지적 독자 시점 PART 1 - 08,싱숑,비채,"판매지수 14,304",2022년 01월,Fantasy
9,87,나와 너의 365일,유이하,모모,"판매지수 17,976",2023년 03월,Romance
9,88,전지적 독자 시점 PART 1 - 07,싱숑,비채,"판매지수 13,566",2022년 01월,Fantasy
9,89,당신을 기다리고 있어,김보영,새파란상상 (파란미디어),"판매지수 11,112",2020년 05월,SF
9,90,해리포터 1~4부 세트,J.K. 롤링,문학수첩,"판매지수 10,554",2019년 11월,Fantasy
9,91,범도 1,방현석,문학동네,"판매지수 9,318",2023년 06월,History
9,92,내일의 으뜸,김빵,다향,"판매지수 57,792",2024년 05월,Fantasy
9,93,지구 생물체는 항복하라,정보라,래빗홀,"판매지수 10,866",2024년 01월,SF
9,94,"나는 내일, 어제의 너와 만난다",나나츠키 타카후미,영상출판미디어,"판매지수 10,890",2016년 02월,Romance
9,95,이끼숲,천선란,자이언트북스,"판매지수 9,246",2023년 05월,SF
9,96,마력의 태동,히가시노 게이고,현대문학,"판매지수 9,126",2019년 01월,Mystery
9,97,[예스리커버] 고양이 합본판,베르나르 베르베르,열린책들,"판매지수 5,898",2023년 04월,SF
9,98,해리 포터와 마법사의 돌 : 미나리마 에디션,J.K. 롤링,문학수첩,"판매지수 19,407",2020년 10월,Fantasy
9,99,고백,미나토 가나에,비채,"판매지수 10,290",2018년 08월,Horror
9,100,"고양이 식당, 추억을 요리합니다",다카하시 유타,빈페이지,"판매지수 11,820",2023년 05월,Fantasy
10,1,언젠가 우리가 같은 별을 바라본다면,차인표,해결책,"판매지수 361,692",2021년 12월,History
10,2,사랑 후에 오는 것들 세트,공지영,소담출판사,"판매지수 38,745",2024년 08월,Romance
10,3,당신이 누군가를 죽였다,히가시노 게이고,북다,"판매지수 139,488",2024년 07월,Mystery
10,4,세상의 마지막 기차역,무라세 다케시,모모,"판매지수 133,161",2022년 05월,Fantasy
10,5,저주토끼,정보라,래빗홀,"판매지수 25,566",2023년 04월,SF
10,6,백설공주에게 죽음을 (특별판),넬레 노이하우스,북로드,"판매지수 39,837",2024년 05월,Mystery
10,7,용의자 X의 헌신,히가시노 게이고,재인,"판매지수 48,414",2017년 08월,Mystery
10,8,"칵테일, 러브, 좀비",조예은,안전가옥,"판매지수 48,930",2020년 04월,Mystery
10,9,지구 끝의 온실,김초엽,자이언트북스,"판매지수 57,006",2021년 08월,SF
10,10,천 개의 파랑,천선란,허블,"판매지수 55,245",2020년 08월,SF
10,11,까멜리아 싸롱,고수리,클레이하우스,"판매지수 10,524",2024년 10월,Fantasy
10,12,프로젝트 헤일메리,앤디 위어,알에이치코리아(RHK),"판매지수 60,555",2021년 05월,SF
10,13,[예스리커버] 우리가 빛의 속도로 갈 수 없다면,김초엽,허블,"판매지수 53,538",2019년 06월,SF
10,14,남은 인생 10년,고사카 루카,모모,"판매지수 29,397",2024년 03월,Romance
10,15,달러구트 꿈 백화점,이미예,팩토리나인,"판매지수 59,394",2020년 07월,Fantasy
10,16,삼체 1~3 세트,류츠신,자음과모음,"판매지수 112,236",2024년 06월,SF
10,17,말하고 싶은 비밀,사쿠라 이이요,모모,"판매지수 37,827",2023년 12월,Romance
10,18,히든 픽처스,제이슨 르쿨락,문학수첩,"판매지수 25,368",2024년 05월,Mystery
10,19,엘리펀트 헤드,시라이 토모유키,내친구의서재,"판매지수 9,210",2024년 10월,Mystery
10,20,해리포터와 마법사의 돌 1,J.K. 롤링,문학수첩,"판매지수 35,988",2019년 11월,Fantasy
10,21,달러구트 꿈 백화점 2,이미예,팩토리나인,"판매지수 40,743",2021년 07월,Fantasy
10,22,트로피컬 나이트,조예은,한겨레출판,"판매지수 20,289",2022년 08월,Mystery
10,23,노트북,니콜라스 스파크스,모모,"판매지수 13,983",2024년 05월,Romance
10,24,해리포터와 마법사의 돌 2,J.K. 롤링,문학수첩,"판매지수 30,108",2019년 11월,Fantasy
10,25,악의,히가시노 게이고,현대문학,"판매지수 30,816",2019년 07월,Mystery
10,26,아이가 없는 집,알렉스 안도릴,필름,"판매지수 43,044",2024년 06월,Mystery
10,27,묵향 38,전동조,스카이BOOK,"판매지수 4,788",2024년 10월,Fantasy
10,28,카지노,김진명,새움,"판매지수 20,130",2022년 12월,Mystery
10,29,백광,렌죠 미키히코,모모,"판매지수 13,392",2022년 02월,Mystery
10,30,회생의 갈림길,마이클 코넬리,알에이치코리아(RHK),"판매지수 4,530",2024년 10월,Mystery
10,31,카스트라토,표창원,&(앤드),"판매지수 11,406",2024년 09월,Mystery
10,32,인어 사냥,차인표,해결책,"판매지수 15,672",2022년 10월,Fantasy
10,33,말하고 싶은 비밀 Vol.2,사쿠라 이이요,모모,"판매지수 15,480",2024년 07월,Romance
10,34,사랑 후에 오는 것들 (공지영),공지영,소담출판사,"판매지수 5,622",2024년 08월,Romance
10,35,돌이킬 수 있는,문목하,아작,"판매지수 21,552",2018년 12월,Mystery
10,36,사랑 후에 오는 것들 (츠지 히토나리),츠지 히토나리,소담출판사,"판매지수 4,668",2024년 08월,Romance
10,37,해리포터와 비밀의 방 1,J.K. 롤링,문학수첩,"판매지수 19,068",2019년 11월,Fantasy
10,38,해리포터와 비밀의 방 2,J.K. 롤링,문학수첩,"판매지수 17,712",2019년 11월,Fantasy
10,39,그리고 아무도 없었다,애거사 크리스티,황금가지,"판매지수 24,378",2013년 12월,Mystery
10,40,"오늘 밤, 거짓말의 세계에서 잊을 수 없는 사랑을",이치조 미사키,모모,"판매지수 28,656",2023년 11월,Romance
10,41,라플라스의 마녀,히가시노 게이고,현대문학,"판매지수 18,531",2016년 01월,Mystery
10,42,가연물 可燃物,요네자와 호노부,리드비(READbie),"판매지수 10,740",2024년 08월,Mystery
10,43,홀리,스티븐 킹,황금가지,"판매지수 6,810",2024년 08월,Mystery
10,44,해리포터와 불의 잔 3,J.K. 롤링,문학수첩,"판매지수 10,986",2019년 11월,Fantasy
10,45,해리포터와 불의 잔 4,J.K. 롤링,문학수첩,"판매지수 10,890",2019년 11월,Fantasy
10,46,해리포터와 불의 잔 1,J.K. 롤링,문학수첩,"판매지수 12,006",2019년 11월,Fantasy
10,47,전지적 독자 시점 PART 1 - 01,싱숑,비채,"판매지수 19,179",2022년 01월,Fantasy
10,48,해리포터와 불의 잔 2,J.K. 롤링,문학수첩,"판매지수 11,706",2019년 11월,Fantasy
10,49,네가 유성처럼 스러지는 모습을 지켜볼 운명이었다,미나토 쇼,필름,"판매지수 15,198",2024년 07월,Romance
10,50,해리포터와 아즈카반의 죄수 1,J.K. 롤링,문학수첩,"판매지수 13,632",2019년 11월,Fantasy
10,51,가면산장 살인사건,히가시노 게이고,재인,"판매지수 16,269",2014년 09월,Mystery
10,52,코너스톤 셜록 홈즈 전집,아서 코난 도일,코너스톤(도서),"판매지수 17,406",2016년 01월,Mystery
10,53,해리포터와 아즈카반의 죄수 2,J.K. 롤링,문학수첩,"판매지수 13,218",2019년 11월,Fantasy
10,54,"나는 내일, 어제의 너와 만난다",나나츠키 타카후미,영상출판미디어,"판매지수 10,890",2016년 02월,Romance
10,55,잘못된 장소 잘못된 시간,질리언 매캘리스터,시옷북스,"판매지수 29,916",2023년 07월,Mystery
10,56,나와 너의 365일,유이하,모모,"판매지수 17,976",2023년 03월,Romance
10,57,고백,미나토 가나에,비채,"판매지수 10,290",2018년 08월,Horror
10,58,화산귀환 1,비가,러프미디어,"판매지수 5,250",2023년 06월,Muhyop
10,59,당신 인생의 이야기,테드 창,엘리,"판매지수 19,269",2016년 10월,SF
10,60,심판,베르나르 베르베르,열린책들,"판매지수 17,298",2020년 08월,SF
10,61,전지적 독자 시점 PART 2 - 02,싱숑,비채,"판매지수 15,576",2023년 01월,Fantasy
10,62,이름 없는 여자의 여덟 가지 인생,이미리내,위즈덤하우스,"판매지수 9,150",2024년 07월,History
10,63,전지적 독자 시점 PART 2 - 01,싱숑,비채,"판매지수 15,270",2023년 01월,Fantasy
10,64,셰이커,이희영,래빗홀,"판매지수 22,065",2024년 05월,Fantasy
10,65,재와 물거품,김청귤,안전가옥,"판매지수 18,366",2021년 05월,Fantasy
10,66,살육에 이르는 병,아비코 다케마루,검은숲,"판매지수 10,866",2016년 07월,Horror
10,67,메리골드 마음 사진관,윤정은,북로망스,"판매지수 58,089",2024년 01월,Fantasy
10,68,전지적 독자 시점 PART 5 - 02,싱숑,비채,"판매지수 15,792",2023년 09월,Fantasy
10,69,전지적 독자 시점 PART 2 - 03,싱숑,비채,"판매지수 15,672",2023년 01월,Fantasy
10,70,청과 부동명왕,미야베 미유키,북스피어,"판매지수 4,758",2024년 09월,Mystery
10,71,적산가옥의 유령,조예은,현대문학,"판매지수 12,330",2024년 06월,Mystery
10,72,인버트,아이자와 사코,비채,"판매지수 1,296",2024년 10월,Mystery
10,73,미 비포 유,조조 모예스,다산책방,"판매지수 13,452",2024년 04월,Romance
10,74,전지적 독자 시점 PART 4 - 04,싱숑,비채,"판매지수 15,084",2023년 09월,Fantasy
10,75,악마의 계약서는 만기 되지 않는다,리러하,팩토리나인,"판매지수 5,370",2022년 08월,Mystery
10,76,해피엔딩에서 너를 기다릴게,산다 치에,알에이치코리아(RHK),"판매지수 13,239",2023년 01월,Romance
10,77,전지적 독자 시점 PART 5 - 01,싱숑,비채,"판매지수 15,396",2023년 09월,Fantasy
10,78,전지적 독자 시점 PART 4 - 03,싱숑,비채,"판매지수 15,024",2023년 09월,Fantasy
10,79,전지적 독자 시점 PART 4 - 02,싱숑,비채,"판매지수 15,126",2023년 09월,Fantasy
10,80,전지적 독자 시점 PART 1 - 03,싱숑,비채,"판매지수 15,264",2022년 01월,Fantasy
10,81,전지적 독자 시점 PART 3 - 01,싱숑,비채,"판매지수 15,684",2023년 01월,Fantasy
10,82,해리 포터와 마법사의 돌 : 미나리마 에디션,J.K. 롤링,문학수첩,"판매지수 19,407",2020년 10월,Fantasy
10,83,너의 췌장을 먹고 싶어 (일반판),스미노 요루,소미미디어,"판매지수 11,436",2017년 04월,Romance
10,84,전지적 독자 시점 PART 3 - 02,싱숑,비채,"판매지수 15,498",2023년 01월,Fantasy
10,85,전지적 독자 시점 PART 3 - 03,싱숑,비채,"판매지수 15,090",2023년 01월,Fantasy
10,86,전지적 독자 시점 PART 4 - 01,싱숑,비채,"판매지수 14,712",2023년 09월,Fantasy
10,87,전지적 독자 시점 PART 1 - 04,싱숑,비채,"판매지수 14,394",2022년 01월,Fantasy
10,88,전지적 독자 시점 PART 1 - 02,싱숑,비채,"판매지수 16,500",2022년 01월,Fantasy
10,89,은하수를 여행하는 히치하이커를 위한 안내서 1,더글러스 애덤스,책세상,"판매지수 10,500",2004년 12월,SF
10,90,마션,앤디 위어,알에이치코리아(RHK),"판매지수 13,500",2021년 05월,SF
10,91,듄 신장판 전집 세트,프랭크 허버트,황금가지,"판매지수 28,932",2021년 01월,SF
10,92,너는 달밤에 빛나고,사노 테츠야,디앤씨미디어(D&C미디어),"판매지수 9,828",2018년 04월,Romance
10,93,화산귀환 2,비가,러프미디어,"판매지수 4,422",2023년 06월,Muhyop
10,94,해리 포터와 아즈카반의 죄수 : 미나리마 에디션,J.K. 롤링,문학수첩,"판매지수 21,231",2023년 10월,Fantasy
10,95,마지막 왕국,다니엘 튜더,김영사,"판매지수 3,102",2024년 08월,History
10,96,[예스리커버] 트로피컬 나이트,조예은,한겨레출판,"판매지수 10,269",2023년 08월,Mystery
10,97,마력의 태동,히가시노 게이고,현대문학,"판매지수 9,126",2019년 01월,Mystery
10,98,데뷔 못 하면 죽는 병 걸림 3부 초판 양장본 세트,백덕수,위시북스,"판매지수 8,913",2024년 12월,Fantasy
10,99,이끼숲,천선란,자이언트북스,"판매지수 9,246",2023년 05월,SF
10,100,[예스리커버] 고양이 합본판,베르나르 베르베르,열린책들,"판매지수 5,898",2023년 04월,SF
11,1,언젠가 우리가 같은 별을 바라본다면,차인표,해결책,"판매지수 361,692",2021년 12월,History
11,2,세상의 마지막 기차역,무라세 다케시,모모,"판매지수 133,161",2022년 05월,Fantasy
11,3,당신이 누군가를 죽였다,히가시노 게이고,북다,"판매지수 139,488",2024년 07월,Mystery
11,4,사랑 후에 오는 것들 세트,공지영,소담출판사,"판매지수 38,745",2024년 08월,Romance
11,5,리버 1,오쿠다 히데오,은행나무,"판매지수 20,232",2024년 11월,Mystery
11,6,리버 2,오쿠다 히데오,은행나무,"판매지수 18,675",2024년 11월,Mystery
11,7,프로젝트 헤일메리,앤디 위어,알에이치코리아(RHK),"판매지수 60,555",2021년 05월,SF
11,8,해리 포터와 마법사의 돌 1,J.K. 롤링,문학수첩,"판매지수 26,580",2024년 11월,Fantasy
11,9,용의자 X의 헌신,히가시노 게이고,재인,"판매지수 48,414",2017년 08월,Mystery
11,10,천 개의 파랑,천선란,허블,"판매지수 55,245",2020년 08월,SF
11,11,"칵테일, 러브, 좀비",조예은,안전가옥,"판매지수 48,930",2020년 04월,Mystery
11,12,삼체 1~3 세트,류츠신,자음과모음,"판매지수 112,236",2024년 06월,SF
11,13,달러구트 꿈 백화점,이미예,팩토리나인,"판매지수 59,394",2020년 07월,Fantasy
11,14,해리 포터와 마법사의 돌 2,J.K. 롤링,문학수첩,"판매지수 23,079",2024년 11월,Fantasy
11,15,지구 끝의 온실,김초엽,자이언트북스,"판매지수 57,006",2021년 08월,SF
11,16,[예스리커버] 우리가 빛의 속도로 갈 수 없다면,김초엽,허블,"판매지수 53,538",2019년 06월,SF
11,17,말하고 싶은 비밀,사쿠라 이이요,모모,"판매지수 37,827",2023년 12월,Romance
11,18,고딕 × 호러 × 제주,빗물,빚은책들,"판매지수 4,149",2024년 11월,Mystery
11,19,달러구트 꿈 백화점 2,이미예,팩토리나인,"판매지수 40,743",2021년 07월,Fantasy
11,20,위키드 1,그레고리 머과이어,민음사,"판매지수 22,272",2024년 11월,Fantasy
11,21,노트북,니콜라스 스파크스,모모,"판매지수 13,983",2024년 05월,Romance
11,22,히든 픽처스,제이슨 르쿨락,문학수첩,"판매지수 25,368",2024년 05월,Mystery
11,23,위키드 2,그레고리 머과이어,민음사,"판매지수 15,213",2024년 11월,Fantasy
11,24,까멜리아 싸롱,고수리,클레이하우스,"판매지수 10,524",2024년 10월,Fantasy
11,25,악의,히가시노 게이고,현대문학,"판매지수 30,816",2019년 07월,Mystery
11,26,해리 포터와 비밀의 방 1,J.K. 롤링,문학수첩,"판매지수 14,859",2024년 11월,Fantasy
11,27,미로장의 참극,요코미조 세이시,시공사,"판매지수 5,601",2024년 11월,Mystery
11,28,돌이킬 수 있는,문목하,아작,"판매지수 21,552",2018년 12월,Mystery
11,29,그리고 아무도 없었다,애거사 크리스티,황금가지,"판매지수 24,378",2013년 12월,Mystery
11,30,당신 인생의 이야기,테드 창,엘리,"판매지수 19,269",2016년 10월,SF
11,31,엘리펀트 헤드,시라이 토모유키,내친구의서재,"판매지수 9,210",2024년 10월,Mystery
11,32,트로피컬 나이트,조예은,한겨레출판,"판매지수 20,289",2022년 08월,Mystery
11,33,백광,렌죠 미키히코,모모,"판매지수 13,392",2022년 02월,Mystery
11,34,해리 포터와 비밀의 방 2,J.K. 롤링,문학수첩,"판매지수 14,532",2024년 11월,Fantasy
11,35,저주토끼,정보라,래빗홀,"판매지수 25,566",2023년 04월,SF
11,36,말하고 싶은 비밀 Vol.2,사쿠라 이이요,모모,"판매지수 15,480",2024년 07월,Romance
11,37,남은 인생 10년,고사카 루카,모모,"판매지수 29,397",2024년 03월,Romance
11,38,아이가 없는 집,알렉스 안도릴,필름,"판매지수 43,044",2024년 06월,Mystery
11,39,카스트라토,표창원,&(앤드),"판매지수 11,406",2024년 09월,Mystery
11,40,데뷔 못 하면 죽는 병 걸림 3부 초판 한정 굿즈박스 세트,백덕수,위시북스,"판매지수 22,245",2024년 12월,Fantasy
11,41,해리 포터와 아즈카반의 죄수 1,J.K. 롤링,문학수첩,"판매지수 11,967",2024년 11월,Fantasy
11,42,카지노,김진명,새움,"판매지수 20,130",2022년 12월,Mystery
11,43,"오늘 밤, 거짓말의 세계에서 잊을 수 없는 사랑을",이치조 미사키,모모,"판매지수 28,656",2023년 11월,Romance
11,44,해리 포터와 아즈카반의 죄수 2,J.K. 롤링,문학수첩,"판매지수 11,790",2024년 11월,Fantasy
11,45,나와 너의 365일,유이하,모모,"판매지수 17,976",2023년 03월,Romance
11,46,가면산장 살인사건,히가시노 게이고,재인,"판매지수 16,269",2014년 09월,Mystery
11,47,늑대 사이의 학,허주은,시공사,"판매지수 5,526",2024년 10월,Mystery
11,48,메리골드 마음 사진관,윤정은,북로망스,"판매지수 58,089",2024년 01월,Fantasy
11,49,전지적 독자 시점 PART 1 - 01,싱숑,비채,"판매지수 19,179",2022년 01월,Fantasy
11,50,해리 포터와 불의 잔 1,J.K. 롤링,문학수첩,"판매지수 9,117",2024년 11월,Fantasy
11,51,재와 물거품,김청귤,안전가옥,"판매지수 18,366",2021년 05월,Fantasy
11,52,라플라스의 마녀,히가시노 게이고,현대문학,"판매지수 18,531",2016년 01월,Mystery
11,53,사랑 후에 오는 것들 (공지영),공지영,소담출판사,"판매지수 5,622",2024년 08월,Romance
11,54,네가 유성처럼 스러지는 모습을 지켜볼 운명이었다,미나토 쇼,필름,"판매지수 15,198",2024년 07월,Romance
11,55,백설공주에게 죽음을 (특별판),넬레 노이하우스,북로드,"판매지수 39,837",2024년 05월,Mystery
11,56,전지적 독자 시점 PART 1 - 02,싱숑,비채,"판매지수 16,500",2022년 01월,Fantasy
11,57,심판,베르나르 베르베르,열린책들,"판매지수 17,298",2020년 08월,SF
11,58,해리 포터와 불의 잔 2,J.K. 롤링,문학수첩,"판매지수 8,304",2024년 11월,Fantasy
11,59,잘못된 장소 잘못된 시간,질리언 매캘리스터,시옷북스,"판매지수 29,916",2023년 07월,Mystery
11,60,해피엔딩에서 너를 기다릴게,산다 치에,알에이치코리아(RHK),"판매지수 13,239",2023년 01월,Romance
11,61,코너스톤 셜록 홈즈 전집,아서 코난 도일,코너스톤(도서),"판매지수 17,406",2016년 01월,Mystery
11,62,스파이 코스트,테스 게리첸,미래지향,"판매지수 16,548",2024년 11월,Mystery
11,63,"나는 내일, 어제의 너와 만난다",나나츠키 타카후미,영상출판미디어,"판매지수 10,890",2016년 02월,Romance
11,64,고백,미나토 가나에,비채,"판매지수 10,290",2018년 08월,Horror
11,65,해리 포터와 불의 잔 4,J.K. 롤링,문학수첩,"판매지수 7,842",2024년 11월,Fantasy
11,66,해리 포터와 불의 잔 3,J.K. 롤링,문학수첩,"판매지수 7,770",2024년 11월,Fantasy
11,67,인어 사냥,차인표,해결책,"판매지수 15,672",2022년 10월,Fantasy
11,68,사랑 후에 오는 것들 (츠지 히토나리),츠지 히토나리,소담출판사,"판매지수 4,668",2024년 08월,Romance
11,69,13.67,찬호께이,한스미디어,"판매지수 12,468",2023년 01월,Mystery
11,70,이문열 삼국지 세트,이문열,알에이치코리아(RHK),"판매지수 14,082",2020년 03월,History
11,71,전지적 독자 시점 PART 1 - 03,싱숑,비채,"판매지수 15,264",2022년 01월,Fantasy
11,72,데뷔 못 하면 죽는 병 걸림 3부 초판 양장본 세트,백덕수,위시북스,"판매지수 8,913",2024년 12월,Fantasy
11,73,전지적 독자 시점 PART 3 - 02,싱숑,비채,"판매지수 15,498",2023년 01월,Fantasy
11,74,전지적 독자 시점 PART 1 - 04,싱숑,비채,"판매지수 14,394",2022년 01월,Fantasy
11,75,셰이커,이희영,래빗홀,"판매지수 22,065",2024년 05월,Fantasy
11,76,전지적 독자 시점 PART 5 - 01,싱숑,비채,"판매지수 15,396",2023년 09월,Fantasy
11,77,전지적 독자 시점 PART 4 - 01,싱숑,비채,"판매지수 14,712",2023년 09월,Fantasy
11,78,너는 달밤에 빛나고,사노 테츠야,디앤씨미디어(D&C미디어),"판매지수 9,828",2018년 04월,Romance
11,79,화산귀환 4,비가,러프미디어,"판매지수 5,232",2024년 05월,Muhyop
11,80,가연물 可燃物,요네자와 호노부,리드비(READbie),"판매지수 10,740",2024년 08월,Mystery
11,81,화산귀환 5,비가,러프미디어,"판매지수 5,082",2024년 05월,Muhyop
11,82,전지적 독자 시점 PART 5 - 02,싱숑,비채,"판매지수 15,792",2023년 09월,Fantasy
11,83,묵향 38,전동조,스카이BOOK,"판매지수 4,788",2024년 10월,Fantasy
11,84,적산가옥의 유령,조예은,현대문학,"판매지수 12,330",2024년 06월,Mystery
11,85,수상한 한의원,배명은,텍스티(TXTY),"판매지수 35,157",2024년 01월,Fantasy
11,86,전지적 독자 시점 PART 4 - 03,싱숑,비채,"판매지수 15,024",2023년 09월,Fantasy
11,87,전지적 독자 시점 PART 4 - 02,싱숑,비채,"판매지수 15,126",2023년 09월,Fantasy
11,88,너의 췌장을 먹고 싶어 (일반판),스미노 요루,소미미디어,"판매지수 11,436",2017년 04월,Romance
11,89,화씨 451,레이 브래드버리,황금가지,"판매지수 11,304",2009년 03월,SF
11,90,전지적 독자 시점 PART 3 - 03,싱숑,비채,"판매지수 15,090",2023년 01월,Fantasy
11,91,전지적 독자 시점 PART 2 - 03,싱숑,비채,"판매지수 15,672",2023년 01월,Fantasy
11,92,전지적 독자 시점 PART 3 - 01,싱숑,비채,"판매지수 15,684",2023년 01월,Fantasy
11,93,화산귀환 7,비가,러프미디어,"판매지수 5,112",2024년 05월,Muhyop
11,94,화산귀환 6,비가,러프미디어,"판매지수 4,470",2024년 05월,Muhyop
11,95,해리 포터와 아즈카반의 죄수 : 미나리마 에디션,J.K. 롤링,문학수첩,"판매지수 21,231",2023년 10월,Fantasy
11,96,전지적 독자 시점 PART 4 - 04,싱숑,비채,"판매지수 15,084",2023년 09월,Fantasy
11,97,숨,테드 창,엘리,"판매지수 10,953",2019년 05월,SF
11,98,은하수를 여행하는 히치하이커를 위한 안내서 1,더글러스 애덤스,책세상,"판매지수 10,500",2004년 12월,SF
11,99,화산귀환 2,비가,러프미디어,"판매지수 4,422",2023년 06월,Muhyop
11,100,전지적 독자 시점 PART 1 - 05,싱숑,비채,"판매지수 13,602",2022년 01월,Fantasy
12,1,언젠가 우리가 같은 별을 바라본다면,차인표,해결책,"판매지수 361,692",2021년 12월,History
12,2,미로 속 아이,기욤 뮈소,밝은세상,"판매지수 82,011",2024년 12월,Horror
12,3,세상의 마지막 기차역,무라세 다케시,모모,"판매지수 133,161",2022년 05월,Fantasy
12,4,당신이 누군가를 죽였다,히가시노 게이고,북다,"판매지수 139,488",2024년 07월,Mystery
12,5,달러구트 꿈 백화점 (200만 부 기념 합본호 : 아메리칸드림 에디션),이미예,팩토리나인,"판매지수 21,837",2024년 12월,Fantasy
12,6,해리 포터와 마법사의 돌 1,J.K. 롤링,문학수첩,"판매지수 26,580",2024년 11월,Fantasy
12,7,해리 포터와 마법사의 돌 2,J.K. 롤링,문학수첩,"판매지수 23,079",2024년 11월,Fantasy
12,8,프로젝트 헤일메리,앤디 위어,알에이치코리아(RHK),"판매지수 60,555",2021년 05월,SF
12,9,위키드 1,그레고리 머과이어,민음사,"판매지수 22,272",2024년 11월,Fantasy
12,10,스파이 코스트,테스 게리첸,미래지향,"판매지수 16,548",2024년 11월,Mystery
12,11,리버 1,오쿠다 히데오,은행나무,"판매지수 20,232",2024년 11월,Mystery
12,12,[예스리커버] 우리가 빛의 속도로 갈 수 없다면,김초엽,허블,"판매지수 53,538",2019년 06월,SF
12,13,삼체 1~3 세트,류츠신,자음과모음,"판매지수 112,236",2024년 06월,SF
12,14,리버 2,오쿠다 히데오,은행나무,"판매지수 18,675",2024년 11월,Mystery
12,15,천 개의 파랑,천선란,허블,"판매지수 55,245",2020년 08월,SF
12,16,달러구트 꿈 백화점,이미예,팩토리나인,"판매지수 59,394",2020년 07월,Fantasy
12,17,"칵테일, 러브, 좀비",조예은,안전가옥,"판매지수 48,930",2020년 04월,Mystery
12,18,지구 끝의 온실,김초엽,자이언트북스,"판매지수 57,006",2021년 08월,SF
12,19,용의자 X의 헌신,히가시노 게이고,재인,"판매지수 48,414",2017년 08월,Mystery
12,20,해리 포터와 비밀의 방 1,J.K. 롤링,문학수첩,"판매지수 14,859",2024년 11월,Fantasy
12,21,위키드 2,그레고리 머과이어,민음사,"판매지수 15,213",2024년 11월,Fantasy
12,22,해리 포터와 비밀의 방 2,J.K. 롤링,문학수첩,"판매지수 14,532",2024년 11월,Fantasy
12,23,히든 픽처스,제이슨 르쿨락,문학수첩,"판매지수 25,368",2024년 05월,Mystery
12,24,말하고 싶은 비밀,사쿠라 이이요,모모,"판매지수 37,827",2023년 12월,Romance
12,25,사랑 후에 오는 것들 세트,공지영,소담출판사,"판매지수 38,745",2024년 08월,Romance
12,26,달러구트 꿈 백화점 2,이미예,팩토리나인,"판매지수 40,743",2021년 07월,Fantasy
12,27,해리 포터와 아즈카반의 죄수 1,J.K. 롤링,문학수첩,"판매지수 11,967",2024년 11월,Fantasy
12,28,트로피컬 나이트,조예은,한겨레출판,"판매지수 20,289",2022년 08월,Mystery
12,29,그리고 아무도 없었다,애거사 크리스티,황금가지,"판매지수 24,378",2013년 12월,Mystery
12,30,해리 포터와 아즈카반의 죄수 2,J.K. 롤링,문학수첩,"판매지수 11,790",2024년 11월,Fantasy
12,31,에너미 마인,배리 B. 롱이어,허블,"판매지수 7,047",2024년 12월,SF
12,32,해리 포터와 불의 잔 1,J.K. 롤링,문학수첩,"판매지수 9,117",2024년 11월,Fantasy
12,33,오리엔트 특급 살인,애거사 크리스티,황금가지,"판매지수 12,972",2013년 12월,Mystery
12,34,말하고 싶은 비밀 Vol.2,사쿠라 이이요,모모,"판매지수 15,480",2024년 07월,Romance
12,35,악의,히가시노 게이고,현대문학,"판매지수 30,816",2019년 07월,Mystery
12,36,해리 포터와 불의 잔 2,J.K. 롤링,문학수첩,"판매지수 8,304",2024년 11월,Fantasy
12,37,해리 포터와 불의 잔 4,J.K. 롤링,문학수첩,"판매지수 7,842",2024년 11월,Fantasy
12,38,해리 포터와 불의 잔 3,J.K. 롤링,문학수첩,"판매지수 7,770",2024년 11월,Fantasy
12,39,돌이킬 수 있는,문목하,아작,"판매지수 21,552",2018년 12월,Mystery
12,40,해리 포터와 아즈카반의 죄수 : 미나리마 에디션,J.K. 롤링,문학수첩,"판매지수 21,231",2023년 10월,Fantasy
12,41,카지노,김진명,새움,"판매지수 20,130",2022년 12월,Mystery
12,42,메리골드 마음 사진관,윤정은,북로망스,"판매지수 58,089",2024년 01월,Fantasy
12,43,저주토끼,정보라,래빗홀,"판매지수 25,566",2023년 04월,SF
12,44,위키드 3,그레고리 머과이어,민음사,"판매지수 6,225",2024년 11월,Fantasy
12,45,새왕의 방패,이마무라 쇼고,북스피어,"판매지수 5,490",2024년 11월,Horror
12,46,노트북,니콜라스 스파크스,모모,"판매지수 13,983",2024년 05월,Romance
12,47,아이가 없는 집,알렉스 안도릴,필름,"판매지수 43,044",2024년 06월,Mystery
12,48,코너스톤 셜록 홈즈 전집,아서 코난 도일,코너스톤(도서),"판매지수 17,406",2016년 01월,Mystery
12,49,나와 너의 365일,유이하,모모,"판매지수 17,976",2023년 03월,Romance
12,50,당신 인생의 이야기,테드 창,엘리,"판매지수 19,269",2016년 10월,SF
12,51,해리 포터와 비밀의 방 : 미나리마 에디션,J.K. 롤링,문학수첩,"판매지수 16,338",2021년 10월,Fantasy
12,52,해리 포터 1~4부 세트,J.K. 롤링,문학수첩,"판매지수 4,818",2024년 11월,Fantasy
12,53,위키드 4,그레고리 머과이어,민음사,"판매지수 4,974",2024년 11월,Fantasy
12,54,전지적 독자 시점 PART 1 - 01,싱숑,비채,"판매지수 19,179",2022년 01월,Fantasy
12,55,이문열 삼국지 세트,이문열,알에이치코리아(RHK),"판매지수 14,082",2020년 03월,History
12,56,"오늘 밤, 거짓말의 세계에서 잊을 수 없는 사랑을",이치조 미사키,모모,"판매지수 28,656",2023년 11월,Romance
12,57,해리 포터와 불사조 기사단 1,J.K. 롤링,문학수첩,"판매지수 4,302",2024년 11월,Fantasy
12,58,백광,렌죠 미키히코,모모,"판매지수 13,392",2022년 02월,Mystery
12,59,라플라스의 마녀,히가시노 게이고,현대문학,"판매지수 18,531",2016년 01월,Mystery
12,60,해리 포터와 불사조 기사단 2,J.K. 롤링,문학수첩,"판매지수 4,044",2024년 11월,Fantasy
12,61,늑대 사이의 학,허주은,시공사,"판매지수 5,526",2024년 10월,Mystery
12,62,남은 인생 10년,고사카 루카,모모,"판매지수 29,397",2024년 03월,Romance
12,63,방주,유키 하루오,블루홀6,"판매지수 11,517",2023년 02월,Mystery
12,64,위시,니콜라스 스파크스,모모,"판매지수 11,676",2023년 12월,Romance
12,65,화산귀환 3,비가,러프미디어,"판매지수 4,932",2024년 05월,Muhyop
12,66,가면산장 살인사건,히가시노 게이고,재인,"판매지수 16,269",2014년 09월,Mystery
12,67,까멜리아 싸롱,고수리,클레이하우스,"판매지수 10,524",2024년 10월,Fantasy
12,68,화산귀환 5,비가,러프미디어,"판매지수 5,082",2024년 05월,Muhyop
12,69,화산귀환 4,비가,러프미디어,"판매지수 5,232",2024년 05월,Muhyop
12,70,네가 유성처럼 스러지는 모습을 지켜볼 운명이었다,미나토 쇼,필름,"판매지수 15,198",2024년 07월,Romance
12,71,해리 포터와 불사조 기사단 3,J.K. 롤링,문학수첩,"판매지수 3,636",2024년 11월,Fantasy
12,72,인어 사냥,차인표,해결책,"판매지수 15,672",2022년 10월,Fantasy
12,73,해리 포터와 불사조 기사단 4,J.K. 롤링,문학수첩,"판매지수 3,576",2024년 11월,Fantasy
12,74,심판,베르나르 베르베르,열린책들,"판매지수 17,298",2020년 08월,SF
12,75,미 비포 유,조조 모예스,다산책방,"판매지수 13,452",2024년 04월,Romance
12,76,엘리펀트 헤드,시라이 토모유키,내친구의서재,"판매지수 9,210",2024년 10월,Mystery
12,77,해리 포터와 불사조 기사단 5,J.K. 롤링,문학수첩,"판매지수 3,624",2024년 11월,Fantasy
12,78,13.67,찬호께이,한스미디어,"판매지수 12,468",2023년 01월,Mystery
12,79,화산귀환 7,비가,러프미디어,"판매지수 5,112",2024년 05월,Muhyop
12,80,해피엔딩에서 너를 기다릴게,산다 치에,알에이치코리아(RHK),"판매지수 13,239",2023년 01월,Romance
12,81,전지적 독자 시점 PART 1 - 02,싱숑,비채,"판매지수 16,500",2022년 01월,Fantasy
12,82,재와 물거품,김청귤,안전가옥,"판매지수 18,366",2021년 05월,Fantasy
12,83,은하수를 여행하는 히치하이커를 위한 안내서 합본,더글러스 애덤스,책세상,"판매지수 8,313",2005년 12월,SF
12,84,화산귀환 1,비가,러프미디어,"판매지수 5,250",2023년 06월,Muhyop
12,85,해리 포터와 혼혈 왕자 2,J.K. 롤링,문학수첩,"판매지수 3,702",2024년 11월,Fantasy
12,86,해리 포터와 죽음의 성물 1,J.K. 롤링,문학수첩,"판매지수 3,765",2024년 11월,Fantasy
12,87,해리 포터와 혼혈 왕자 3,J.K. 롤링,문학수첩,"판매지수 3,510",2024년 11월,Fantasy
12,88,전지적 독자 시점 PART 1 - 03,싱숑,비채,"판매지수 15,264",2022년 01월,Fantasy
12,89,수상한 한의원,배명은,텍스티(TXTY),"판매지수 35,157",2024년 01월,Fantasy
12,90,잘못된 장소 잘못된 시간,질리언 매캘리스터,시옷북스,"판매지수 29,916",2023년 07월,Mystery
12,91,마션,앤디 위어,알에이치코리아(RHK),"판매지수 13,500",2021년 05월,SF
12,92,전지적 독자 시점 PART 5 - 02,싱숑,비채,"판매지수 15,792",2023년 09월,Fantasy
12,93,해리 포터와 죽음의 성물 4,J.K. 롤링,문학수첩,"판매지수 3,714",2024년 11월,Fantasy
12,94,해리 포터 5~7부 세트,J.K. 롤링,문학수첩,"판매지수 3,132",2024년 11월,Fantasy
12,95,해리 포터와 죽음의 성물 2,J.K. 롤링,문학수첩,"판매지수 3,534",2024년 11월,Fantasy
12,96,해리 포터와 혼혈 왕자 4,J.K. 롤링,문학수첩,"판매지수 3,462",2024년 11월,Fantasy
12,97,전지적 독자 시점 PART 1 - 06,싱숑,비채,"판매지수 13,866",2022년 01월,Fantasy
12,98,해리 포터와 혼혈 왕자 1,J.K. 롤링,문학수첩,"판매지수 3,504",2024년 11월,Fantasy
12,99,제노사이드,다카노 가즈아키,황금가지,"판매지수 10,833",2012년 06월,Mystery
12,100,수확자 시리즈 세트,닐 셔스터먼,열린책들,"판매지수 9,018",2023년 02월,SF
