Month,Rank,Title,Author,Publisher,Sales Point,Publication Month
1월,1,이처럼 사소한 것들,클레어 키건,다산책방,"236,370",2023년 11월
1월,3,맡겨진 소녀,클레어 키건,다산책방,"86,363",2023년 4월
1월,4,사라진 것들,앤드루 포터,문학동네,"25,970",2024년 1월
1월,5,아주 희미한 빛으로도,최은영,문학동네,"79,454",2023년 8월
1월,6,메리골드 마음 사진관,윤정은,북로망스,"19,193",2024년 1월
1월,7,도시와 그 불확실한 벽,무라카미 하루키,문학동네,세일즈 포인트 정보 없음,2023년 9월
1월,8,황금종이 1,조정래,해냄,"29,287",2023년 11월
1월,9,황금종이 2,조정래,해냄,"27,158",2023년 11월
1월,10,트러스트,에르난 디아스,문학동네,"19,691",2023년 2월
1월,11,마지막 마음이 들리는 공중전화,이수연,클레이하우스,"10,972",2024년 1월
1월,12,작은 책방,엘리너 파전,수박설탕,세일즈 포인트 정보 없음,2023년 12월
1월,13,봄그늘 1~5 세트 - 전5권,김차차,파란(파란미디어),"1,988",2024년 2월
1월,14,모순,양귀자,쓰다,"165,396",2013년 4월
1월,17,구의 증명,최진영,은행나무,"70,465",2023년 4월
1월,19,메리골드 마음 세탁소 (30만 부 기념 한정 플라워 에디션),윤정은,북로망스,"35,122",2023년 3월
1월,20,데미안 (오리지널 초판본 표지디자인),헤르만 헤세,코너스톤,"93,420",2017년 1월
1월,21,세상 끝의 살인,아라키 아카네,북스피어,세일즈 포인트 정보 없음,2023년 12월
1월,22,살인자의 쇼핑몰,강지영,자음과모음,"6,278",2020년 2월
1월,23,전생했더니 슬라임이었던 건에 대하여 21,후세,㈜소미미디어,세일즈 포인트 정보 없음,2024년 1월
1월,24,해리 포터와 마법사의 돌 (미나리마 에디션),J.K. 롤링,문학수첩,"28,474",2020년 10월
1월,25,"오늘 밤, 거짓말의 세계에서 잊을 수 없는 사랑을",이치조 미사키,모모,세일즈 포인트 정보 없음,2023년 11월
1월,28,인간 실격,다자이 오사무,민음사,"81,492",2004년 5월
1월,29,귀신들의 땅,천쓰홍,민음사,세일즈 포인트 정보 없음,2023년 12월
1월,30,작별하지 않는다,한강,문학동네,"1,025,288",2021년 9월
1월,31,페어워닝,마이클 코넬리,알에이치코리아(RHK),세일즈 포인트 정보 없음,2024년 1월
1월,32,데미안,헤르만 헤세,민음사,"103,297",2000년 12월
1월,33,말하고 싶은 비밀,사쿠라 이이요,모모,"18,718",2023년 12월
1월,34,각각의 계절 (리커버 에디션),권여선,문학동네,세일즈 포인트 정보 없음,2023년 5월
1월,35,살인자의 쇼핑몰 2,강지영,자음과모음,"5,140",2023년 7월
1월,36,듄의 세계,톰 허들스턴,황금가지,"5,994",2024년 1월
1월,37,부처스 크로싱,존 윌리엄스,구픽,"9,633",2023년 8월
1월,38,바다가 들리는 편의점 (겨울 한정판 에디션),마치다 소노코,모모,세일즈 포인트 정보 없음,2023년 11월
1월,39,파견자들,김초엽,퍼블리온,"21,820",2023년 10월
1월,40,단 한 사람,최진영,한겨레출판,세일즈 포인트 정보 없음,2023년 9월
1월,41,아침 그리고 저녁,욘 포세,문학동네,"32,482",2019년 7월
1월,42,미들마치 1,조지 엘리엇,민음사,"4,186",2024년 1월
1월,43,아버지의 해방일지 (30만부 기념 특별 리커버),정지아,창비,"13,140",2022년 9월
1월,44,7인 1역,렌조 미키히코,모모,세일즈 포인트 정보 없음,2023년 12월
1월,45,"오늘 밤, 세계에서 이 사랑이 사라진다 해도",이치조 미사키,모모,"44,389",2021년 6월
1월,46,광인,이혁진,민음사,"14,256",2023년 11월
1월,47,지루하면 죽는다,조나 레러,윌북,세일즈 포인트 정보 없음,2023년 12월
1월,48,참을 수 없는 존재의 가벼움,밀란 쿤데라,민음사,세일즈 포인트 정보 없음,2018년 6월
1월,49,파친코 (합본 한정판),이민진,인플루엔셜(주),"15,949",2023년 12월
1월,50,소설 보다 : 겨울 2023,김기태,문학과지성사,"7,979",2023년 12월
1월,51,밝은 밤,최은영,문학동네,"50,439",2021년 7월
1월,52,해리 포터와 아즈카반의 죄수 (미나리마 에디션),J.K. 롤링,문학수첩,세일즈 포인트 정보 없음,2023년 10월
1월,53,불편한 편의점 (벚꽃 에디션),김호연,나무옆의자,"186,097",2021년 4월
1월,54,수레바퀴 아래서 (오리지널 초판본 표지디자인),헤르만 헤세,코너스톤,"42,009",2017년 1월
1월,55,싯다르타,헤르만 헤세,민음사,"56,030",2002년 1월
1월,56,노르웨이의 숲,무라카미 하루키,민음사,세일즈 포인트 정보 없음,2017년 8월
1월,57,라디오 체조,오쿠다 히데오,은행나무,세일즈 포인트 정보 없음,2023년 11월
1월,58,파과,구병모,위즈덤하우스,세일즈 포인트 정보 없음,2018년 4월
1월,59,약사의 혼잣말 13,휴우가 나츠,학산문화사(단행본),세일즈 포인트 정보 없음,2024년 1월
1월,60,모비딕 (무삭제 완역본),허먼 멜빌,현대지성,세일즈 포인트 정보 없음,2022년 9월
1월,61,해리 포터와 비밀의 방 (미나리마 에디션),J.K. 롤링,문학수첩,세일즈 포인트 정보 없음,2021년 10월
1월,62,악스트 Axt 2024.1.2,악스트 편집부,은행나무,세일즈 포인트 정보 없음,2024년 1월
1월,63,"버지니아 울프, 문장의 기억 (양장본)",박예진,센텐스,세일즈 포인트 정보 없음,2024년 1월
1월,64,어느 작가의 오후,프랜시스 스콧 피츠제럴드,인플루엔셜(주),"16,091",2023년 11월
1월,65,눈부신 안부,백수린,문학동네,"23,679",2023년 5월
1월,67,1984,조지 오웰,민음사,"68,228",2003년 6월
1월,69,어느 사형에 관한 기록,단야 쿠카프카,황금가지,세일즈 포인트 정보 없음,2023년 11월
1월,70,우리가 겨울을 지나온 방식 (리커버),문미순,나무옆의자,"15,342",2023년 5월
1월,71,홍학의 자리,정해연,엘릭시르,"45,113",2021년 7월
1월,72,미들마치 2,조지 엘리엇,민음사,"3,464",2024년 1월
1월,73,바다가 들리는 편의점,마치다 소노코,모모,세일즈 포인트 정보 없음,2023년 3월
1월,74,"오늘 밤, 세계에서 이 눈물이 사라진다 해도",이치조 미사키,모모,세일즈 포인트 정보 없음,2022년 7월
1월,75,1984 (오리지널 초판본 표지 디자인),조지 오웰,코너스톤,"31,243",2020년 6월
1월,76,동물농장 (오리지널 초판본 표지 디자인),조지 오웰,코너스톤,"24,336",2020년 6월
1월,77,묵시록 살인사건,니시무라 교타로,블루홀식스(블루홀6),세일즈 포인트 정보 없음,2024년 1월
1월,78,마트료시카의 밤,아쓰카와 다쓰미,리드비,세일즈 포인트 정보 없음,2024년 1월
1월,79,꿰맨 눈의 마을,조예은,자음과모음,"7,286",2023년 12월
1월,80,세상의 마지막 기차역 (리커버 에디션),무라세 다케시,모모,"54,758",2022년 5월
1월,81,브람스를 좋아하세요...,프랑수아즈 사강,민음사,"38,839",2008년 5월
1월,82,리틀 라이프 1,한야 야나기하라,시공사,"65,757",2016년 6월
1월,83,논픽션 글쓰기 전설들,조문희,서해문집,세일즈 포인트 정보 없음,2023년 12월
1월,84,날씨가 좋으면 찾아가겠어요,이도우,수박설탕,"11,451",2023년 11월
1월,85,불편한 편의점 2 (단풍 에디션),김호연,나무옆의자,"55,894",2022년 8월
1월,86,노인과 바다,어니스트 헤밍웨이,민음사,"38,806",2012년 1월
1월,87,수족관,유래혁,포스터샵,세일즈 포인트 정보 없음,2023년 12월
1월,88,"설자은, 금성으로 돌아오다",정세랑,문학동네,"25,809",2023년 10월
1월,89,지구 끝의 온실,김초엽,자이언트북스,"45,617",2021년 8월
1월,90,삼국지 원전 완역판 세트 - 전10권,요시카와 에이지,코너스톤,"25,828",2020년 3월
1월,91,해리 포터 마법 연감,J.K. 롤링,문학수첩,세일즈 포인트 정보 없음,2023년 12월
1월,92,성은이 냥극하옵니다,백승화,안전가옥,세일즈 포인트 정보 없음,2023년 11월
1월,93,레티파크,유디트 헤르만,마라카스,세일즈 포인트 정보 없음,2023년 11월
1월,94,동물농장,조지 오웰,민음사,"72,757",1998년 8월
1월,95,용의자 X의 헌신,히가시노 게이고,재인,"32,422",2017년 8월
1월,96,소년이 온다,한강,창비,"1,544,378",2014년 5월
1월,98,이방인,알베르 카뮈,민음사,"58,642",2019년 9월
1월,99,스토너,존 윌리엄스,알에이치코리아(RHK),세일즈 포인트 정보 없음,2015년 1월
1월,100,달과 6펜스,서머싯 몸,민음사,"46,094",2000년 6월
2월,1,이처럼 사소한 것들,클레어 키건,다산책방,"236,370",2023년 11월
2월,2,맡겨진 소녀,클레어 키건,다산책방,"86,363",2023년 4월
2월,4,오로라,최진영,위즈덤하우스,"11,597",2024년 2월
2월,5,사라진 것들,앤드루 포터,문학동네,"25,970",2024년 1월
2월,7,금단의 마술,히가시노 게이고,재인,"9,853",2024년 2월
2월,8,끌리는 이야기는 어떻게 쓰는가,리사 크론,웅진지식하우스,세일즈 포인트 정보 없음,2024년 2월
2월,9,모순,양귀자,쓰다,"165,396",2013년 4월
2월,10,아주 희미한 빛으로도,최은영,문학동네,"79,454",2023년 8월
2월,11,도시와 그 불확실한 벽,무라카미 하루키,문학동네,세일즈 포인트 정보 없음,2023년 9월
2월,12,메리골드 마음 사진관,윤정은,북로망스,"19,193",2024년 1월
2월,13,듄의 세계,톰 허들스턴,황금가지,"5,994",2024년 1월
2월,14,마지막 마음이 들리는 공중전화,이수연,클레이하우스,"10,972",2024년 1월
2월,15,구의 증명,최진영,은행나무,"70,465",2023년 4월
2월,16,데미안 (오리지널 초판본 표지디자인),헤르만 헤세,코너스톤,"93,420",2017년 1월
2월,17,귀신들의 땅,천쓰홍,민음사,세일즈 포인트 정보 없음,2023년 12월
2월,19,인간 실격,다자이 오사무,민음사,"81,492",2004년 5월
2월,20,격정세계,찬쉐,은행나무,세일즈 포인트 정보 없음,2024년 1월
2월,21,단 한 사람,최진영,한겨레출판,세일즈 포인트 정보 없음,2023년 9월
2월,22,황금종이 1,조정래,해냄,"29,287",2023년 11월
2월,23,지구 생물체는 항복하라,정보라,래빗홀,"7,908",2024년 1월
2월,24,황금종이 2,조정래,해냄,"27,158",2023년 11월
2월,25,특수청소부,나카야마 시치리,블루홀식스(블루홀6),세일즈 포인트 정보 없음,2024년 2월
2월,26,광인,이혁진,민음사,"14,256",2023년 11월
2월,27,메리골드 마음 세탁소 (30만 부 기념 한정 플라워 에디션),윤정은,북로망스,"35,122",2023년 3월
2월,28,프랭키,요헨 구치,인플루엔셜(주),"3,038",2024년 1월
2월,29,잘못된 장소 잘못된 시간,질리언 매캘리스터,시옷북스,세일즈 포인트 정보 없음,2023년 7월
2월,30,참을 수 없는 존재의 가벼움,밀란 쿤데라,민음사,세일즈 포인트 정보 없음,2018년 6월
2월,31,매니악,벵하민 라바투트,문학동네,세일즈 포인트 정보 없음,2024년 1월
2월,32,살인자의 쇼핑몰,강지영,자음과모음,"6,278",2020년 2월
2월,33,트러스트,에르난 디아스,문학동네,"19,691",2023년 2월
2월,34,파친코 (합본 한정판),이민진,인플루엔셜(주),"15,949",2023년 12월
2월,35,프로젝트 헤일메리,앤디 위어,알에이치코리아(RHK),"36,452",2021년 5월
2월,36,마녀의 여행 17,시라이시 죠우기,㈜소미미디어,세일즈 포인트 정보 없음,2024년 3월
2월,37,로기완을 만났다 (리마스터판),조해진,창비,"7,110",2024년 2월
2월,38,난장이가 쏘아올린 작은 공,조세희,이성과힘,"56,644",2024년 2월
2월,39,듄 신장판 1~6 세트 - 전6권,프랭크 허버트,황금가지,"14,137",2021년 1월
2월,40,살인자의 쇼핑몰 2,강지영,자음과모음,"5,140",2023년 7월
2월,41,세상의 마지막 기차역 (리커버 에디션),무라세 다케시,모모,"54,758",2022년 5월
2월,42,가여운 것들,앨러스데어 그레이,황금가지,"10,473",2023년 4월
2월,43,불편한 편의점 (벚꽃 에디션),김호연,나무옆의자,"186,097",2021년 4월
2월,44,속임수의 섬,히가시가와 도쿠야,북다,"3,660",2024년 1월
2월,45,작가처럼 읽는 법,에린 M. 푸시먼,더난출판사,세일즈 포인트 정보 없음,2024년 2월
2월,46,데미안,헤르만 헤세,민음사,"103,297",2000년 12월
2월,47,명탐정의 창자,시라이 도모유키,내친구의서재,"3,706",2024년 1월
2월,48,수레바퀴 아래서 (오리지널 초판본 표지디자인),헤르만 헤세,코너스톤,"42,009",2017년 1월
2월,49,유녀전기 14,카를로 젠,데이즈엔터(주),세일즈 포인트 정보 없음,2024년 2월
2월,50,모비딕 (무삭제 완역본),허먼 멜빌,현대지성,세일즈 포인트 정보 없음,2022년 9월
2월,51,"칵테일, 러브, 좀비 (리커버)",조예은,안전가옥,"34,394",2020년 4월
2월,52,듄 신장판 1,프랭크 허버트,황금가지,"11,955",2021년 1월
2월,53,노르웨이의 숲,무라카미 하루키,민음사,세일즈 포인트 정보 없음,2017년 8월
2월,54,아스트레아 레코드 3 : 정사결전 (특장판),오모리 후지노,㈜소미미디어,세일즈 포인트 정보 없음,2024년 2월
2월,55,밝은 밤,최은영,문학동네,"50,439",2021년 7월
2월,56,파과,구병모,위즈덤하우스,세일즈 포인트 정보 없음,2018년 4월
2월,57,1984,조지 오웰,민음사,"68,228",2003년 6월
2월,58,Re : 제로부터 시작하는 이세계 생활 34,나가츠키 탓페이,데이즈엔터(주),세일즈 포인트 정보 없음,2024년 2월
2월,59,시차와 시대착오,전하영,문학동네,"2,620",2024년 2월
2월,60,아버지의 해방일지 (30만부 기념 특별 리커버),정지아,창비,"13,140",2022년 9월
2월,61,작별하지 않는다,한강,문학동네,"1,025,288",2021년 9월
2월,62,불편한 편의점 2 (단풍 에디션),김호연,나무옆의자,"55,894",2022년 8월
2월,63,1984 (오리지널 초판본 표지 디자인),조지 오웰,코너스톤,"31,243",2020년 6월
2월,64,아침 그리고 저녁,욘 포세,문학동네,"32,482",2019년 7월
2월,65,동물농장,조지 오웰,민음사,"72,757",1998년 8월
2월,66,작은 책방,엘리너 파전,수박설탕,세일즈 포인트 정보 없음,2023년 12월
2월,67,싯다르타,헤르만 헤세,민음사,"56,030",2002년 1월
2월,68,바다가 들리는 편의점 (겨울 한정판 에디션),마치다 소노코,모모,세일즈 포인트 정보 없음,2023년 11월
2월,69,"오늘 밤, 거짓말의 세계에서 잊을 수 없는 사랑을",이치조 미사키,모모,세일즈 포인트 정보 없음,2023년 11월
2월,70,지구 끝의 온실,김초엽,자이언트북스,"45,617",2021년 8월
2월,71,직장 상사 악령 퇴치부,이사구,황금가지,"4,667",2024년 2월
2월,72,어서 오세요 실력지상주의 교실에 2학년 편 10,키누가사 쇼고,㈜소미미디어,세일즈 포인트 정보 없음,2024년 2월
2월,73,아몬드,손원평,다즐링,세일즈 포인트 정보 없음,2023년 7월
2월,74,브람스를 좋아하세요...,프랑수아즈 사강,민음사,"38,839",2008년 5월
2월,75,레드 클로버,마사키 도시카,허밍북스,세일즈 포인트 정보 없음,2024년 2월
2월,76,신앙,무라타 사야카,은행나무,세일즈 포인트 정보 없음,2024년 1월
2월,78,말하고 싶은 비밀,사쿠라 이이요,모모,"18,718",2023년 12월
2월,79,"오늘 밤, 세계에서 이 사랑이 사라진다 해도",이치조 미사키,모모,"44,389",2021년 6월
2월,80,이방인,알베르 카뮈,민음사,"58,642",2019년 9월
2월,81,수상한 한의원,배명은,텍스티(TXTY),세일즈 포인트 정보 없음,2024년 1월
2월,83,바다가 들리는 편의점,마치다 소노코,모모,세일즈 포인트 정보 없음,2023년 3월
2월,84,소년이 온다,한강,창비,"1,544,378",2014년 5월
2월,85,한밤의 도박,아르투어 슈니츨러,빛소굴,세일즈 포인트 정보 없음,2024년 1월
2월,86,우리는 모두 사랑하는 사람을 위해 일을 합니다,하림,"그리고 다시, 봄","4,416",2024년 2월
2월,87,라디오 체조,오쿠다 히데오,은행나무,세일즈 포인트 정보 없음,2023년 11월
2월,88,"스토너 (초판본, 양장)",존 윌리엄스,알에이치코리아(RHK),세일즈 포인트 정보 없음,2020년 6월
2월,90,7인 1역,렌조 미키히코,모모,세일즈 포인트 정보 없음,2023년 12월
2월,91,용의자 X의 헌신,히가시노 게이고,재인,"32,422",2017년 8월
2월,92,호밀밭의 파수꾼,제롬 데이비드 샐린저,민음사,"74,478",2023년 1월
2월,93,홍학의 자리,정해연,엘릭시르,"45,113",2021년 7월
2월,94,동물농장 (오리지널 초판본 표지 디자인),조지 오웰,코너스톤,"24,336",2020년 6월
2월,95,스토너,존 윌리엄스,알에이치코리아(RHK),세일즈 포인트 정보 없음,2015년 1월
2월,97,초대받은 여자 1,시몬 드 보부아르,민음사,884,2024년 2월
2월,98,내 아이가 분명해 1,한민트,파란(파란미디어),626,2024년 2월
2월,99,슈니츨러 작품선,아르투어 슈니츨러,민음사,"1,156",2024년 2월
2월,100,단지 소설일 뿐이네,구병모,문학실험실,세일즈 포인트 정보 없음,2024년 1월
3월,1,이처럼 사소한 것들,클레어 키건,다산책방,"236,370",2023년 11월
3월,2,리틀 라이프 1,한야 야나기하라,시공사,"65,757",2016년 6월
3월,3,리틀 라이프 2,한야 야나기하라,시공사,"52,687",2016년 6월
3월,4,맡겨진 소녀,클레어 키건,다산책방,"86,363",2023년 4월
3월,5,삼체 1~3 세트 - 전3권,류츠신,자음과모음,"37,575",2020년 7월
3월,6,원도,최진영,한겨레출판,세일즈 포인트 정보 없음,2024년 3월
3월,7,다 하지 못한 말,임경선,토스트,"8,103",2024년 3월
3월,8,모순,양귀자,쓰다,"165,396",2013년 4월
3월,11,샤이닝,욘 포세,문학동네,"5,962",2024년 3월
3월,13,오로라,최진영,위즈덤하우스,"11,597",2024년 2월
3월,14,구의 증명,최진영,은행나무,"70,465",2023년 4월
3월,15,가여운 것들,앨러스데어 그레이,황금가지,"10,473",2023년 4월
3월,16,8월에 만나요,가브리엘 가르시아 마르케스,민음사,세일즈 포인트 정보 없음,2024년 3월
3월,17,삼체 1부 : 삼체문제,류츠신,자음과모음,"22,163",2022년 2월
3월,18,듄 신장판 1~6 세트 - 전6권,프랭크 허버트,황금가지,"14,137",2021년 1월
3월,20,인간 실격,다자이 오사무,민음사,"81,492",2004년 5월
3월,21,소설 보다 : 봄 2024,김채원,문학과지성사,"6,117",2024년 3월
3월,22,세상의 마지막 기차역 (리커버 에디션),무라세 다케시,모모,"54,758",2022년 5월
3월,23,덧없는 양들의 축연,요네자와 호노부,엘릭시르,"2,612",2024년 3월
3월,24,아주 희미한 빛으로도,최은영,문학동네,"79,454",2023년 8월
3월,25,듄 신장판 1,프랭크 허버트,황금가지,"11,955",2021년 1월
3월,26,파과,구병모,위즈덤하우스,세일즈 포인트 정보 없음,2018년 4월
3월,27,블랙 쇼맨과 운명의 바퀴,히가시노 게이고,알에이치코리아(RHK),"8,866",2024년 3월
3월,28,마지막 마음이 들리는 공중전화,이수연,클레이하우스,"10,972",2024년 1월
3월,29,사라진 것들,앤드루 포터,문학동네,"25,970",2024년 1월
3월,30,메리골드 마음 사진관,윤정은,북로망스,"19,193",2024년 1월
3월,31,데미안 (오리지널 초판본 표지디자인),헤르만 헤세,코너스톤,"93,420",2017년 1월
3월,32,정욕,아사이 료,리드비,"9,530",2024년 3월
3월,33,도시와 그 불확실한 벽,무라카미 하루키,문학동네,세일즈 포인트 정보 없음,2023년 9월
3월,34,로기완을 만났다 (리마스터판),조해진,창비,"7,110",2024년 2월
3월,35,홍학의 자리,정해연,엘릭시르,"45,113",2021년 7월
3월,36,직장 상사 악령 퇴치부,이사구,황금가지,"4,667",2024년 2월
3월,37,불편한 편의점 (벚꽃 에디션),김호연,나무옆의자,"186,097",2021년 4월
3월,38,법정유희,이가라시 리쓰토,리드비,세일즈 포인트 정보 없음,2024년 3월
3월,39,메리골드 마음 세탁소 (30만 부 기념 한정 플라워 에디션),윤정은,북로망스,"35,122",2023년 3월
3월,40,매니악,벵하민 라바투트,문학동네,세일즈 포인트 정보 없음,2024년 1월
3월,41,참을 수 없는 존재의 가벼움,밀란 쿤데라,민음사,세일즈 포인트 정보 없음,2018년 6월
3월,42,대여금고,그렉 이건,허블,"5,243",2024년 2월
3월,43,아몬드,손원평,다즐링,세일즈 포인트 정보 없음,2023년 7월
3월,44,바다가 들리는 편의점,마치다 소노코,모모,세일즈 포인트 정보 없음,2023년 3월
3월,45,작별하지 않는다,한강,문학동네,"1,025,288",2021년 9월
3월,46,이방인,알베르 카뮈,민음사,"58,642",2019년 9월
3월,47,데미안,헤르만 헤세,민음사,"103,297",2000년 12월
3월,48,귀신들의 땅,천쓰홍,민음사,세일즈 포인트 정보 없음,2023년 12월
3월,49,회색 인간 (100쇄 기념 에디션),김동식,요다,세일즈 포인트 정보 없음,2017년 12월
3월,50,1984,조지 오웰,민음사,"68,228",2003년 6월
3월,51,난장이가 쏘아올린 작은 공,조세희,이성과힘,"56,644",2024년 2월
3월,52,아버지의 해방일지 (30만부 기념 특별 리커버),정지아,창비,"13,140",2022년 9월
3월,53,멋진 신세계,올더스 헉슬리,(주)태일소담출판사,"39,922",2015년 6월
3월,54,밝은 밤,최은영,문학동네,"50,439",2021년 7월
3월,55,소년이 온다,한강,창비,"1,544,378",2014년 5월
3월,56,광인,이혁진,민음사,"14,256",2023년 11월
3월,57,철도원 삼대,황석영,창비,"26,812",2020년 6월
3월,58,수레바퀴 아래서 (오리지널 초판본 표지디자인),헤르만 헤세,코너스톤,"42,009",2017년 1월
3월,59,모비 딕,허먼 멜빌,작가정신,"8,224",2024년 4월
3월,60,아침 그리고 저녁,욘 포세,문학동네,"32,482",2019년 7월
3월,61,천 개의 파랑,천선란,허블,"37,844",2020년 8월
3월,62,1984 (오리지널 초판본 표지 디자인),조지 오웰,코너스톤,"31,243",2020년 6월
3월,63,종의 기원,정유정,은행나무,"45,907",2016년 5월
3월,64,말하고 싶은 비밀,사쿠라 이이요,모모,"18,718",2023년 12월
3월,65,동물농장,조지 오웰,민음사,"72,757",1998년 8월
3월,66,폴링 인 폴,백수린,문학동네,"4,425",2024년 2월
3월,67,우리가 빛의 속도로 갈 수 없다면,김초엽,허블,세일즈 포인트 정보 없음,2019년 6월
3월,68,싯다르타,헤르만 헤세,민음사,"56,030",2002년 1월
3월,69,탐정은 이미 죽었다 9,니고 쥬우,데이즈엔터(주),세일즈 포인트 정보 없음,2024년 4월
3월,70,심장의 아이,다케미야 유유코,놀,"2,366",2024년 3월
3월,71,채식주의자 (리마스터판),한강,창비,"930,168",2022년 3월
3월,72,카카듀,박서련,안온북스,"1,867",2024년 3월
3월,73,분실물이 돌아왔습니다,김혜정,오리지널스,"9,317",2024년 2월
3월,75,호밀밭의 파수꾼,제롬 데이비드 샐린저,민음사,"74,478",2023년 1월
3월,76,모비딕 (무삭제 완역본),허먼 멜빌,현대지성,세일즈 포인트 정보 없음,2022년 9월
3월,77,"오늘 밤, 세계에서 이 사랑이 사라진다 해도",이치조 미사키,모모,"44,389",2021년 6월
3월,78,듄 신장판 2,프랭크 허버트,황금가지,세일즈 포인트 정보 없음,2021년 1월
3월,79,티어문 제국 이야기 13,모치츠키 노조무,㈜소미미디어,세일즈 포인트 정보 없음,2024년 4월
3월,80,"오늘 밤, 거짓말의 세계에서 잊을 수 없는 사랑을",이치조 미사키,모모,세일즈 포인트 정보 없음,2023년 11월
3월,81,잘못된 장소 잘못된 시간,질리언 매캘리스터,시옷북스,세일즈 포인트 정보 없음,2023년 7월
3월,82,불편한 편의점 2 (단풍 에디션),김호연,나무옆의자,"55,894",2022년 8월
3월,83,나는 소망한다 내게 금지된 것을,양귀자,쓰다,"41,368",2019년 4월
3월,84,마음 (모노 에디션),나쓰메 소세키,열린책들,"3,705",2024년 3월
3월,85,누굴 죽였을까,정해연,북다,"3,516",2024년 2월
3월,86,북마녀의 웹소설 장면 묘사 실습 강의,북마녀,요다,세일즈 포인트 정보 없음,2024년 3월
3월,88,금단의 마술,히가시노 게이고,재인,"9,853",2024년 2월
3월,89,황금종이 1,조정래,해냄,"29,287",2023년 11월
3월,90,스토너,존 윌리엄스,알에이치코리아(RHK),세일즈 포인트 정보 없음,2015년 1월
3월,91,달과 6펜스,서머싯 몸,민음사,"46,094",2000년 6월
3월,93,악스트 Axt 2024.3.4,악스트 편집부,은행나무,세일즈 포인트 정보 없음,2024년 3월
3월,94,고잉 홈,문지혁,문학과지성사,"2,481",2024년 2월
3월,95,갈아 만든 천국,심너울,래빗홀,"2,227",2024년 3월
3월,96,보스턴 사람들,헨리 제임스,은행나무,세일즈 포인트 정보 없음,2024년 2월
3월,97,아가미,구병모,위즈덤하우스,세일즈 포인트 정보 없음,2018년 3월
3월,98,고백의 이유,서은수,파란(파란미디어),세일즈 포인트 정보 없음,2024년 3월
3월,99,트러스트,에르난 디아스,문학동네,"19,691",2023년 2월
3월,100,지구 끝의 온실,김초엽,자이언트북스,"45,617",2021년 8월
4월,1,2024 제15회 젊은작가상 수상작품집,김멜라,문학동네,"40,429",2024년 3월
4월,2,I의 비극,요네자와 호노부,내친구의서재,"8,345",2024년 4월
4월,3,삼체 1~3 세트 - 전3권,류츠신,자음과모음,"37,575",2020년 7월
4월,5,이처럼 사소한 것들,클레어 키건,다산책방,"236,370",2023년 11월
4월,6,철도원 삼대,황석영,창비,"26,812",2020년 6월
4월,7,내일의 으뜸,김빵,다향,"16,254",2020년 7월
4월,8,흐르는 강물처럼,셸리 리드,다산책방,"44,205",2024년 1월
4월,9,삼체 1부 : 삼체문제,류츠신,자음과모음,"22,163",2022년 2월
4월,10,나의 돈키호테,김호연,나무옆의자,"34,665",2024년 4월
4월,13,모순,양귀자,쓰다,"165,396",2013년 4월
4월,15,맡겨진 소녀,클레어 키건,다산책방,"86,363",2023년 4월
4월,16,정욕,아사이 료,리드비,"9,530",2024년 3월
4월,17,파과 (리커버),구병모,위즈덤하우스,"39,243",2018년 4월
4월,18,일러두기,조경란,문학사상,세일즈 포인트 정보 없음,2024년 4월
4월,19,페이스,이희영,현대문학,"5,075",2024년 3월
4월,21,무직전생 26 + 무직전생 스페셜북 합본 세트 - 전2권,리후진 나 마고노테,학산문화사(라이트노벨),세일즈 포인트 정보 없음,2024년 4월
4월,22,사에즈리 도서관의 와루츠 씨,코교쿠 이즈키,알토북스,세일즈 포인트 정보 없음,2024년 5월
4월,24,원도,최진영,한겨레출판,세일즈 포인트 정보 없음,2024년 3월
4월,25,도시와 그 불확실한 벽,무라카미 하루키,문학동네,세일즈 포인트 정보 없음,2023년 9월
4월,26,데미안 (오리지널 초판본 표지디자인),헤르만 헤세,코너스톤,"93,420",2017년 1월
4월,27,구의 증명,최진영,은행나무,"70,465",2023년 4월
4월,28,다 하지 못한 말,임경선,토스트,"8,103",2024년 3월
4월,30,후린의 아이들 + 박스,존 로널드 루엘 톨킨,arte(아르테),"1,137",2024년 5월
4월,31,아주 희미한 빛으로도,최은영,문학동네,"79,454",2023년 8월
4월,32,남은 인생 10년,코사카 루카,모모,"11,793",2024년 3월
4월,33,불편한 편의점 (벚꽃 에디션),김호연,나무옆의자,"186,097",2021년 4월
4월,34,"어서 오세요, 휴남동 서점입니다 (일본서점대상 수상기념 리커버)",황보름,클레이하우스,세일즈 포인트 정보 없음,2022년 1월
4월,35,분실물이 돌아왔습니다,김혜정,오리지널스,"9,317",2024년 2월
4월,36,피아노 조율사,궈창성,민음사,세일즈 포인트 정보 없음,2024년 4월
4월,37,인간 실격,다자이 오사무,민음사,"81,492",2004년 5월
4월,38,마음을 맡기는 보관가게 1,오야마 준코,모모,세일즈 포인트 정보 없음,2024년 3월
4월,39,아가미 (리커버),구병모,위즈덤하우스,"25,674",2018년 3월
4월,40,프로젝트 헤일메리,앤디 위어,알에이치코리아(RHK),"36,452",2021년 5월
4월,41,홍학의 자리,정해연,엘릭시르,"45,113",2021년 7월
4월,42,매니악,벵하민 라바투트,문학동네,세일즈 포인트 정보 없음,2024년 1월
4월,43,아버지의 해방일지 (30만부 기념 특별 리커버),정지아,창비,"13,140",2022년 9월
4월,44,Re : 제로부터 시작하는 이세계 생활 35,나가츠키 탓페이,데이즈엔터(주),세일즈 포인트 정보 없음,2024년 5월
4월,46,직장 상사 악령 퇴치부,이사구,황금가지,"4,667",2024년 2월
4월,47,사라진 것들,앤드루 포터,문학동네,"25,970",2024년 1월
4월,48,오로라,최진영,위즈덤하우스,"11,597",2024년 2월
4월,49,데미안,헤르만 헤세,민음사,"103,297",2000년 12월
4월,50,참을 수 없는 존재의 가벼움,밀란 쿤데라,민음사,세일즈 포인트 정보 없음,2018년 6월
4월,51,아몬드,손원평,다즐링,세일즈 포인트 정보 없음,2023년 7월
4월,52,삼체 3부 : 사신의 영생,류츠신,자음과모음,"9,961",2022년 2월
4월,53,작별하지 않는다,한강,문학동네,"1,025,288",2021년 9월
4월,54,밝은 밤,최은영,문학동네,"50,439",2021년 7월
4월,55,메리골드 마음 사진관,윤정은,북로망스,"19,193",2024년 1월
4월,56,한 스푼의 시간 (리커버),구병모,위즈덤하우스,"10,714",2016년 9월
4월,57,천 개의 파랑,천선란,허블,"37,844",2020년 8월
4월,58,모 이야기,최연주,엣눈북스(atnoonbooks),세일즈 포인트 정보 없음,2023년 2월
4월,59,법정유희,이가라시 리쓰토,리드비,세일즈 포인트 정보 없음,2024년 3월
4월,60,가재가 노래하는 곳,델리아 오언스,살림,"24,483",2019년 6월
4월,61,터무니없는 스킬로 이세계 방랑 밥 13,에구치 렌,㈜소미미디어,세일즈 포인트 정보 없음,2024년 4월
4월,63,붉은 옷의 어둠,미쓰다 신조,비채,세일즈 포인트 정보 없음,2024년 4월
4월,64,가여운 것들,앨러스데어 그레이,황금가지,"10,473",2023년 4월
4월,65,모비 딕,허먼 멜빌,작가정신,"8,224",2024년 4월
4월,66,세상의 마지막 기차역 (리커버 에디션),무라세 다케시,모모,"54,758",2022년 5월
4월,67,이방인,알베르 카뮈,민음사,"58,642",2019년 9월
4월,68,싯다르타,헤르만 헤세,민음사,"56,030",2002년 1월
4월,69,가벼운 점심,장은진,한겨레출판,세일즈 포인트 정보 없음,2024년 4월
4월,70,동백꽃 핀 자리 1~3 세트 - 전3권,서은수,파란(파란미디어),세일즈 포인트 정보 없음,2024년 4월
4월,71,동조자,비엣 타인 응우옌,민음사,"4,331",2023년 5월
4월,72,불편한 편의점 2 (단풍 에디션),김호연,나무옆의자,"55,894",2022년 8월
4월,73,메리골드 마음 세탁소 (30만 부 기념 한정 플라워 에디션),윤정은,북로망스,"35,122",2023년 3월
4월,74,귀신들의 땅,천쓰홍,민음사,세일즈 포인트 정보 없음,2023년 12월
4월,75,마지막 마음이 들리는 공중전화,이수연,클레이하우스,"10,972",2024년 1월
4월,78,바다가 들리는 편의점,마치다 소노코,모모,세일즈 포인트 정보 없음,2023년 3월
4월,79,리틀 라이프 1,한야 야나기하라,시공사,"65,757",2016년 6월
4월,80,1984 (오리지널 초판본 표지 디자인),조지 오웰,코너스톤,"31,243",2020년 6월
4월,81,수레바퀴 아래서 (오리지널 초판본 표지디자인),헤르만 헤세,코너스톤,"42,009",2017년 1월
4월,82,블랙 쇼맨과 운명의 바퀴,히가시노 게이고,알에이치코리아(RHK),"8,866",2024년 3월
4월,83,Re : 제로부터 시작하는 이세계 생활 단편집 9,나가츠키 탓페이,데이즈엔터(주),세일즈 포인트 정보 없음,2024년 5월
4월,84,Say yes all blue 세이 예스 올 블루,김제이,영컴(YOUNG COM),세일즈 포인트 정보 없음,2024년 4월
4월,85,가운데땅의 위대한 이야기들 세트 - 전3권,존 로널드 루엘 톨킨,arte(아르테),"1,429",2024년 5월
4월,86,스토너,존 윌리엄스,알에이치코리아(RHK),세일즈 포인트 정보 없음,2015년 1월
4월,87,나는 소망한다 내게 금지된 것을,양귀자,쓰다,"41,368",2019년 4월
4월,88,샤이닝,욘 포세,문학동네,"5,962",2024년 3월
4월,89,리빌드 월드 6 : 하,나후세,데이즈엔터(주),세일즈 포인트 정보 없음,2024년 4월
4월,90,소년이 온다,한강,창비,"1,544,378",2014년 5월
4월,91,동물농장,조지 오웰,민음사,"72,757",1998년 8월
4월,92,우리가 빛의 속도로 갈 수 없다면,김초엽,허블,세일즈 포인트 정보 없음,2019년 6월
4월,93,달과 6펜스,서머싯 몸,민음사,"46,094",2000년 6월
4월,94,해리 포터와 아즈카반의 죄수 (미나리마 에디션),J.K. 롤링,문학수첩,세일즈 포인트 정보 없음,2023년 10월
4월,95,채식주의자 (리마스터판),한강,창비,"930,168",2022년 3월
4월,96,왜 나는 너를 사랑하는가 (70만 부 기념 리커버),알랭 드 보통,청미래,세일즈 포인트 정보 없음,2022년 11월
4월,97,소설 보다 : 봄 2024,김채원,문학과지성사,"6,117",2024년 3월
4월,98,로맨스 도파민,최영원,안전가옥,세일즈 포인트 정보 없음,2024년 4월
4월,99,파쇄,구병모,위즈덤하우스,"13,084",2023년 3월
4월,100,8월에 만나요,가브리엘 가르시아 마르케스,민음사,세일즈 포인트 정보 없음,2024년 3월
5월,1,나의 돈키호테,김호연,나무옆의자,"34,665",2024년 4월
5월,2,리버보이,팀 보울러,다산책방,"11,042",2024년 5월
5월,3,이처럼 사소한 것들,클레어 키건,다산책방,"236,370",2023년 11월
5월,4,녹나무의 여신,히가시노 게이고,㈜소미미디어,"17,190",2024년 5월
5월,5,내일의 으뜸,김빵,다향,"16,254",2020년 7월
5월,7,모순,양귀자,쓰다,"165,396",2013년 4월
5월,8,"소년이 온다 (10주년 한정 특별판, 양장)",한강,창비,"46,057",2014년 5월
5월,9,흐르는 강물처럼,셸리 리드,다산책방,"44,205",2024년 1월
5월,10,입속 지느러미,조예은,한겨레출판,"10,013",2024년 5월
5월,12,나쓰메 소세키 기담집,나쓰메 소세키,글항아리,세일즈 포인트 정보 없음,2024년 4월
5월,13,2024 제15회 젊은작가상 수상작품집,김멜라,문학동네,"40,429",2024년 3월
5월,14,두 사람의 인터내셔널,김기태,문학동네,"62,847",2024년 5월
5월,15,삼체 1~3 세트 - 전3권,류츠신,자음과모음,"37,575",2020년 7월
5월,16,맡겨진 소녀,클레어 키건,다산책방,"86,363",2023년 4월
5월,17,삼체 1부 : 삼체문제,류츠신,자음과모음,"22,163",2022년 2월
5월,18,철도원 삼대,황석영,창비,"26,812",2020년 6월
5월,19,고비키초의 복수,나가이 사야코,은행나무,세일즈 포인트 정보 없음,2024년 5월
5월,20,퐁 카페의 마음 배달 고양이,시메노 나기,놀,"4,756",2024년 5월
5월,22,구의 증명,최진영,은행나무,"70,465",2023년 4월
5월,23,싯다르타,헤르만 헤세,민음사,"56,030",2002년 1월
5월,24,데미안 (오리지널 초판본 표지디자인),헤르만 헤세,코너스톤,"93,420",2017년 1월
5월,26,파과 (리커버),구병모,위즈덤하우스,"39,243",2018년 4월
5월,27,내 이름은 데몬 코퍼헤드,바버라 킹솔버,은행나무,"8,181",2024년 4월
5월,28,책벌레의 하극상 제5부 : 여신의 화신 5,카즈키 미야,길찾기,세일즈 포인트 정보 없음,2024년 3월
5월,29,용의자들,정해연,위즈덤하우스,세일즈 포인트 정보 없음,2024년 5월
5월,30,귀축의 집,미키 아키코,블루홀식스(블루홀6),세일즈 포인트 정보 없음,2024년 5월
5월,31,나쓰코의 모험,미시마 유키오,알에이치코리아(RHK),세일즈 포인트 정보 없음,2024년 5월
5월,32,바다가 들리는 편의점 3,마치다 소노코,모모,세일즈 포인트 정보 없음,2024년 5월
5월,33,불편한 편의점 (벚꽃 에디션),김호연,나무옆의자,"186,097",2021년 4월
5월,35,86 에이티식스 13,아사토 아사토,데이즈엔터(주),세일즈 포인트 정보 없음,2024년 6월
5월,37,I의 비극,요네자와 호노부,내친구의서재,"8,345",2024년 4월
5월,39,남은 인생 10년,코사카 루카,모모,"11,793",2024년 3월
5월,40,인성에 비해 잘 풀린 사람,남궁인,문학동네,"5,368",2024년 5월
5월,41,인간 실격,다자이 오사무,민음사,"81,492",2004년 5월
5월,42,참을 수 없는 존재의 가벼움,밀란 쿤데라,민음사,세일즈 포인트 정보 없음,2018년 6월
5월,43,아주 희미한 빛으로도,최은영,문학동네,"79,454",2023년 8월
5월,44,만약 고교야구 여자 매니저가 피터 드러커를 읽는다면 : 매니지먼트 편,이와사키 나쓰미,동아일보사,세일즈 포인트 정보 없음,2022년 7월
5월,45,세상의 마지막 기차역 (리커버 에디션),무라세 다케시,모모,"54,758",2022년 5월
5월,46,프로젝트 헤일메리,앤디 위어,알에이치코리아(RHK),"36,452",2021년 5월
5월,47,우연한 불행,프란츠 카프카,위즈덤하우스,"5,207",2024년 5월
5월,48,노르웨이의 숲,무라카미 하루키,민음사,세일즈 포인트 정보 없음,2017년 8월
5월,49,홍학의 자리,정해연,엘릭시르,"45,113",2021년 7월
5월,50,데미안,헤르만 헤세,민음사,"103,297",2000년 12월
5월,51,아몬드,손원평,다즐링,세일즈 포인트 정보 없음,2023년 7월
5월,52,일러두기,조경란,문학사상,세일즈 포인트 정보 없음,2024년 4월
5월,55,천 개의 파랑,천선란,허블,"37,844",2020년 8월
5월,56,분실물이 돌아왔습니다,김혜정,오리지널스,"9,317",2024년 2월
5월,57,도시와 그 불확실한 벽,무라카미 하루키,문학동네,세일즈 포인트 정보 없음,2023년 9월
5월,59,수레바퀴 아래서 (오리지널 초판본 표지디자인),헤르만 헤세,코너스톤,"42,009",2017년 1월
5월,61,나는 소망한다 내게 금지된 것을,양귀자,쓰다,"41,368",2019년 4월
5월,62,악스트 Axt 2024.5.6,악스트 편집부,은행나무,세일즈 포인트 정보 없음,2024년 5월
5월,63,나목,박완서,세계사,세일즈 포인트 정보 없음,2024년 5월
5월,64,바다가 들리는 편의점,마치다 소노코,모모,세일즈 포인트 정보 없음,2023년 3월
5월,65,종의 기원,정유정,은행나무,"45,907",2016년 5월
5월,66,삼국지 원전 완역판 세트 - 전10권,요시카와 에이지,코너스톤,"25,828",2020년 3월
5월,68,불편한 편의점 2 (단풍 에디션),김호연,나무옆의자,"55,894",2022년 8월
5월,69,이방인,알베르 카뮈,민음사,"58,642",2019년 9월
5월,71,정욕,아사이 료,리드비,"9,530",2024년 3월
5월,72,채식주의자 (리마스터판),한강,창비,"930,168",2022년 3월
5월,73,도쿄 사기꾼들,신조 고,북스피어,"2,311",2024년 4월
5월,74,가난한 사람들,표도르 도스토옙스키,민음사,"2,627",2024년 5월
5월,75,녹나무의 파수꾼 (양장),히가시노 게이고,㈜소미미디어,"14,879",2020년 3월
5월,76,1984 (오리지널 초판본 표지 디자인),조지 오웰,코너스톤,"31,243",2020년 6월
5월,78,동물농장,조지 오웰,민음사,"72,757",1998년 8월
5월,79,난장이가 쏘아올린 작은 공,조세희,이성과힘,"56,644",2024년 2월
5월,80,1984,조지 오웰,민음사,"68,228",2003년 6월
5월,81,회색 인간,김동식,요다,"45,227",2017년 12월
5월,82,원도,최진영,한겨레출판,세일즈 포인트 정보 없음,2024년 3월
5월,84,늑대와 향신료 23,하세쿠라 이스나,학산문화사(라이트노벨),세일즈 포인트 정보 없음,2024년 5월
5월,85,웨하스 소년,이유리,마음산책,"2,195",2024년 5월
5월,86,동등한 우리,매기 도허티,위즈덤하우스,세일즈 포인트 정보 없음,2024년 5월
5월,87,밝은 밤,최은영,문학동네,"50,439",2021년 7월
5월,88,달과 6펜스,서머싯 몸,민음사,"46,094",2000년 6월
5월,89,브람스를 좋아하세요...,프랑수아즈 사강,민음사,"38,839",2008년 5월
5월,90,가재가 노래하는 곳,델리아 오언스,살림,"24,483",2019년 6월
5월,91,스토너,존 윌리엄스,알에이치코리아(RHK),세일즈 포인트 정보 없음,2015년 1월
5월,92,둘도 없는 사이,시몬 드 보부아르,알에이치코리아(RHK),세일즈 포인트 정보 없음,2024년 5월
5월,93,청춘 돼지는 산타클로스의 꿈을 꾸지 않는다,카모시다 하지메,디앤씨미디어(주)(D&C미디어),세일즈 포인트 정보 없음,2024년 5월
5월,94,미 비포 유,조조 모예스,다산책방,"5,676",2024년 4월
5월,95,어린 왕자,앙투안 드 생텍쥐페리,열린책들,"45,668",2015년 10월
5월,96,"어서 오세요, 휴남동 서점입니다 (일본서점대상 수상기념 리커버)",황보름,클레이하우스,세일즈 포인트 정보 없음,2022년 1월
5월,97,눈부신 안부,백수린,문학동네,"23,679",2023년 5월
5월,98,용의자 X의 헌신,히가시노 게이고,재인,"32,422",2017년 8월
5월,99,해리 포터와 마법사의 돌 1 (무선),J.K. 롤링,문학수첩,"17,217",2019년 11월
5월,100,귀신들의 땅,천쓰홍,민음사,세일즈 포인트 정보 없음,2023년 12월
6월,1,리틀 라이프 1,한야 야나기하라,시공사,"65,757",2016년 6월
6월,2,리틀 라이프 2,한야 야나기하라,시공사,"52,687",2016년 6월
6월,3,소설 극장판 하이큐!!,후루다테 하루이치,대원씨아이(만화),세일즈 포인트 정보 없음,2024년 6월
6월,4,두 사람의 인터내셔널,김기태,문학동네,"62,847",2024년 5월
6월,5,아이가 없는 집,알렉스 안도릴,필름(Feelm),세일즈 포인트 정보 없음,2024년 6월
6월,6,쓰게 될 것,최진영,안온북스,"15,351",2024년 6월
6월,8,동경,김화진,문학동네,"10,272",2024년 6월
6월,9,나의 돈키호테,김호연,나무옆의자,"34,665",2024년 4월
6월,10,모순,양귀자,쓰다,"165,396",2013년 4월
6월,11,후이늠 Houyhnhnm : 검은 인화지에 남긴 흰 그림자,강화길,대한출판문화협회,세일즈 포인트 정보 없음,2024년 6월
6월,12,퀸의 대각선 1,베르나르 베르베르,열린책들,"16,978",2024년 6월
6월,13,활자 잔혹극,루스 렌들,북스피어,세일즈 포인트 정보 없음,2024년 6월
6월,14,녹나무의 여신,히가시노 게이고,㈜소미미디어,"17,190",2024년 5월
6월,15,은랑전,켄 리우,황금가지,"4,642",2024년 6월
6월,16,퀸의 대각선 2,베르나르 베르베르,열린책들,"15,692",2024년 6월
6월,17,흐르는 강물처럼,셸리 리드,다산책방,"44,205",2024년 1월
6월,18,이처럼 사소한 것들,클레어 키건,다산책방,"236,370",2023년 11월
6월,21,입속 지느러미,조예은,한겨레출판,"10,013",2024년 5월
6월,22,걸리버 유람기,김연수,대한출판문화협회,세일즈 포인트 정보 없음,2024년 6월
6월,23,데미안 (오리지널 초판본 표지디자인),헤르만 헤세,코너스톤,"93,420",2017년 1월
6월,24,2024 제15회 젊은작가상 수상작품집,김멜라,문학동네,"40,429",2024년 3월
6월,25,구의 증명,최진영,은행나무,"70,465",2023년 4월
6월,26,삼체 1~3 세트 - 전3권,류츠신,자음과모음,"37,575",2020년 7월
6월,27,맡겨진 소녀,클레어 키건,다산책방,"86,363",2023년 4월
6월,28,소설 보다 : 여름 2024,서장원,문학과지성사,"8,833",2024년 6월
6월,29,낯선 여인의 키스,안톤 파블로비치 체호프,녹색광선,세일즈 포인트 정보 없음,2024년 6월
6월,30,싯다르타,헤르만 헤세,민음사,"56,030",2002년 1월
6월,31,씨 유 어게인,김지윤,클레이하우스,세일즈 포인트 정보 없음,2024년 6월
6월,32,소설판 사카모토 데이즈,스즈키 유우토,대원씨아이(만화),세일즈 포인트 정보 없음,2024년 6월
6월,34,우연한 불행,프란츠 카프카,위즈덤하우스,"5,207",2024년 5월
6월,36,당신을 기다리고 있어,김보영,새파란상상(파란미디어),"7,462",2020년 5월
6월,37,고비키초의 복수,나가이 사야코,은행나무,세일즈 포인트 정보 없음,2024년 5월
6월,38,룬의 아이들 - 블러디드 7,전민희,엘릭시르,세일즈 포인트 정보 없음,2024년 5월
6월,39,"소년이 온다 (10주년 한정 특별판, 양장)",한강,창비,"46,057",2014년 5월
6월,40,여름은 오래 그곳에 남아,마쓰이에 마사시,비채,세일즈 포인트 정보 없음,2016년 8월
6월,41,끝없는 바닥,이케이도 준,㈜소미미디어,세일즈 포인트 정보 없음,2024년 6월
6월,42,홍학의 자리,정해연,엘릭시르,"45,113",2021년 7월
6월,43,내일의 으뜸,김빵,다향,"16,254",2020년 7월
6월,44,데미안,헤르만 헤세,민음사,"103,297",2000년 12월
6월,45,삼체 1부 : 삼체문제,류츠신,자음과모음,"22,163",2022년 2월
6월,46,도시와 그 불확실한 벽,무라카미 하루키,문학동네,세일즈 포인트 정보 없음,2023년 9월
6월,47,참을 수 없는 존재의 가벼움,밀란 쿤데라,민음사,세일즈 포인트 정보 없음,2018년 6월
6월,48,프란츠 카프카 (서거 100주기 특별판),프란츠 카프카,현대문학,"11,105",2020년 6월
6월,50,마녀의 여행 18,시라이시 죠우기,㈜소미미디어,세일즈 포인트 정보 없음,2024년 6월
6월,51,불편한 편의점 (벚꽃 에디션),김호연,나무옆의자,"186,097",2021년 4월
6월,52,꽃다발은 독,오리가미 교야,리드비,세일즈 포인트 정보 없음,2024년 5월
6월,54,프로젝트 헤일메리,앤디 위어,알에이치코리아(RHK),"36,452",2021년 5월
6월,55,살파랑 1,Priest,만월,세일즈 포인트 정보 없음,2020년 11월
6월,56,파과 (리커버),구병모,위즈덤하우스,"39,243",2018년 4월
6월,57,천지신명은 여자의 말을 듣지 않지,김이삭,래빗홀,"2,209",2024년 6월
6월,58,살파랑 3 : 하,Priest,만월,세일즈 포인트 정보 없음,2020년 11월
6월,59,살파랑 3 : 상,Priest,만월,세일즈 포인트 정보 없음,2020년 11월
6월,60,살파랑 2,Priest,만월,세일즈 포인트 정보 없음,2020년 11월
6월,61,세상의 마지막 기차역 (리커버 에디션),무라세 다케시,모모,"54,758",2022년 5월
6월,63,늑대와 토끼의 게임,아비코 다케마루,시공사,세일즈 포인트 정보 없음,2024년 6월
6월,64,인간 실격,다자이 오사무,민음사,"81,492",2004년 5월
6월,65,수레바퀴 아래서 (오리지널 초판본 표지디자인),헤르만 헤세,코너스톤,"42,009",2017년 1월
6월,66,아주 희미한 빛으로도,최은영,문학동네,"79,454",2023년 8월
6월,68,아몬드,손원평,다즐링,세일즈 포인트 정보 없음,2023년 7월
6월,69,로스트,오승호,블루홀식스(블루홀6),세일즈 포인트 정보 없음,2024년 6월
6월,70,아버지의 해방일지,정지아,창비,"74,391",2022년 9월
6월,71,녹나무의 파수꾼 (양장),히가시노 게이고,㈜소미미디어,"14,879",2020년 3월
6월,72,채식주의자 (리마스터판),한강,창비,"930,168",2022년 3월
6월,73,회색 인간,김동식,요다,"45,227",2017년 12월
6월,74,"칵테일, 러브, 좀비 (리커버)",조예은,안전가옥,"34,394",2020년 4월
6월,75,나목,박완서,세계사,세일즈 포인트 정보 없음,2024년 5월
6월,76,인간 실격 (오리지널 초판본 표지 디자인),다자이 오사무,코너스톤,세일즈 포인트 정보 없음,2022년 1월
6월,77,"어서 오세요, 휴남동 서점입니다 (일본서점대상 수상기념 리커버)",황보름,클레이하우스,세일즈 포인트 정보 없음,2022년 1월
6월,78,노르웨이의 숲,무라카미 하루키,민음사,세일즈 포인트 정보 없음,2017년 8월
6월,79,바다가 들리는 편의점 3,마치다 소노코,모모,세일즈 포인트 정보 없음,2024년 5월
6월,80,바다가 들리는 편의점,마치다 소노코,모모,세일즈 포인트 정보 없음,2023년 3월
6월,83,릿터 Littor 2024.6.7,릿터 편집부,민음사,"1,916",2024년 6월
6월,84,불편한 편의점 2 (단풍 에디션),김호연,나무옆의자,"55,894",2022년 8월
6월,85,메리골드 마음 세탁소 (30만 부 기념 한정 플라워 에디션),윤정은,북로망스,"35,122",2023년 3월
6월,86,이방인,알베르 카뮈,민음사,"58,642",2019년 9월
6월,87,나는 소망한다 내게 금지된 것을,양귀자,쓰다,"41,368",2019년 4월
6월,88,삼국지 원전 완역판 세트 - 전10권,요시카와 에이지,코너스톤,"25,828",2020년 3월
6월,90,게스트,B. A. 패리스,모모,세일즈 포인트 정보 없음,2024년 6월
6월,91,포스 윙,레베카 야로스,북폴리오,세일즈 포인트 정보 없음,2024년 6월
6월,92,달과 6펜스,서머싯 몸,민음사,"46,094",2000년 6월
6월,93,1984 (오리지널 초판본 표지 디자인),조지 오웰,코너스톤,"31,243",2020년 6월
6월,94,스톤 매트리스,마거릿 애트우드,황금가지,"2,986",2024년 5월
6월,95,1984,조지 오웰,민음사,"68,228",2003년 6월
6월,96,천 개의 파랑,천선란,허블,"37,844",2020년 8월
6월,97,철도원 삼대,황석영,창비,"26,812",2020년 6월
6월,99,퐁 카페의 마음 배달 고양이,시메노 나기,놀,"4,756",2024년 5월
6월,100,종이 동물원,켄 리우,황금가지,"10,815",2018년 12월
7월,1,당신이 누군가를 죽였다,히가시노 게이고,북다,"67,552",2024년 7월
7월,2,언젠가 우리가 같은 별을 바라본다면,차인표,해결책,"134,819",2021년 12월
7월,3,음악소설집 音樂小說集,김애란,프란츠,"37,545",2024년 6월
7월,4,리틀 라이프 1,한야 야나기하라,시공사,"65,757",2016년 6월
7월,5,속삭임 우묵한 정원,배수아,은행나무,"10,311",2024년 7월
7월,6,십계,유키 하루오,블루홀식스(블루홀6),세일즈 포인트 정보 없음,2024년 7월
7월,7,모순,양귀자,쓰다,"165,396",2013년 4월
7월,8,적산가옥의 유령,조예은,현대문학,"11,527",2024년 6월
7월,9,탕비실,이미예,한끼,"21,400",2024년 7월
7월,10,두 사람의 인터내셔널,김기태,문학동네,"62,847",2024년 5월
7월,11,홍학의 자리,정해연,엘릭시르,"45,113",2021년 7월
7월,13,리틀 라이프 2,한야 야나기하라,시공사,"52,687",2016년 6월
7월,14,마녀와의 7일,히가시노 게이고,현대문학,"19,373",2024년 6월
7월,15,이처럼 사소한 것들,클레어 키건,다산책방,"236,370",2023년 11월
7월,16,아이가 없는 집,알렉스 안도릴,필름(Feelm),세일즈 포인트 정보 없음,2024년 6월
7월,17,"걷는 망자, ‘괴민연’에서의 기록과 추리",미쓰다 신조,리드비,세일즈 포인트 정보 없음,2024년 7월
7월,18,가재가 노래하는 곳 (출간 5주년 기념 에디션),델리아 오언스,살림,"4,049",2024년 7월
7월,19,돌이킬 수 있는,문목하,아작,세일즈 포인트 정보 없음,2018년 12월
7월,20,못해 그리고 안 할 거야,리디아 데이비스,에트르,세일즈 포인트 정보 없음,2024년 7월
7월,21,구의 증명,최진영,은행나무,"70,465",2023년 4월
7월,22,나의 똑똑한 강아지,송희구,서삼독,"4,620",2024년 7월
7월,23,나의 돈키호테,김호연,나무옆의자,"34,665",2024년 4월
7월,24,흐르는 강물처럼,셸리 리드,다산책방,"44,205",2024년 1월
7월,25,데미안 (오리지널 초판본 표지디자인),헤르만 헤세,코너스톤,"93,420",2017년 1월
7월,26,오렌지와 빵칼,청예,허블,"16,628",2024년 7월
7월,27,퀸의 대각선 1,베르나르 베르베르,열린책들,"16,978",2024년 6월
7월,28,퀸의 대각선 2,베르나르 베르베르,열린책들,"15,692",2024년 6월
7월,29,맡겨진 소녀,클레어 키건,다산책방,"86,363",2023년 4월
7월,30,인간 실격,다자이 오사무,민음사,"81,492",2004년 5월
7월,32,"소년이 온다 (10주년 한정 특별판, 양장)",한강,창비,"46,057",2014년 5월
7월,33,싯다르타,헤르만 헤세,민음사,"56,030",2002년 1월
7월,34,동경,김화진,문학동네,"10,272",2024년 6월
7월,35,활자 잔혹극,루스 렌들,북스피어,세일즈 포인트 정보 없음,2024년 6월
7월,36,녹나무의 여신,히가시노 게이고,㈜소미미디어,"17,190",2024년 5월
7월,37,데미안,헤르만 헤세,민음사,"103,297",2000년 12월
7월,39,참을 수 없는 존재의 가벼움,밀란 쿤데라,민음사,세일즈 포인트 정보 없음,2018년 6월
7월,40,삼체 1~3 세트 - 전3권,류츠신,자음과모음,"37,575",2020년 7월
7월,41,쓰게 될 것,최진영,안온북스,"15,351",2024년 6월
7월,42,파과 (리커버),구병모,위즈덤하우스,"39,243",2018년 4월
7월,44,세상의 마지막 기차역 (리커버 에디션),무라세 다케시,모모,"54,758",2022년 5월
7월,45,포스 윙,레베카 야로스,북폴리오,세일즈 포인트 정보 없음,2024년 6월
7월,46,TV 피플,무라카미 하루키,비채,세일즈 포인트 정보 없음,2024년 7월
7월,47,2024 제15회 젊은작가상 수상작품집,김멜라,문학동네,"40,429",2024년 3월
7월,48,파친코 1,이민진,인플루엔셜(주),"51,492",2022년 7월
7월,50,채식주의자 (리마스터판),한강,창비,"930,168",2022년 3월
7월,51,"내가 연인이 될 수 있을 리 없잖아, 무리무리! (※무리가 아니었다?!) 6",미카미 테렌,㈜소미미디어,세일즈 포인트 정보 없음,2024년 7월
7월,52,"아이디어에서 완성까지, 캐릭터 줄거리 단계별 가이드",김사라,알에이치코리아(RHK),세일즈 포인트 정보 없음,2024년 7월
7월,53,파친코 (합본 한정판),이민진,인플루엔셜(주),"15,949",2023년 12월
7월,54,약사의 혼잣말 14,휴우가 나츠,학산문화사(단행본),세일즈 포인트 정보 없음,2024년 7월
7월,55,여름과 루비,박연준,은행나무,"5,136",2022년 7월
7월,56,불편한 편의점 (벚꽃 에디션),김호연,나무옆의자,"186,097",2021년 4월
7월,57,수레바퀴 아래서 (오리지널 초판본 표지디자인),헤르만 헤세,코너스톤,"42,009",2017년 1월
7월,58,노르웨이의 숲,무라카미 하루키,민음사,세일즈 포인트 정보 없음,2017년 8월
7월,59,고요의 바다에서,에밀리 세인트존 맨델,열린책들,"7,947",2024년 7월
7월,60,파친코 2,이민진,인플루엔셜(주),"49,799",2022년 8월
7월,61,이방인,알베르 카뮈,민음사,"58,642",2019년 9월
7월,62,회색 인간,김동식,요다,"45,227",2017년 12월
7월,63,Re : 제로부터 시작하는 이세계 생활 36,나가츠키 탓페이,데이즈엔터(주),세일즈 포인트 정보 없음,2024년 8월
7월,64,방주,유키 하루오,블루홀식스(블루홀6),세일즈 포인트 정보 없음,2023년 2월
7월,65,1984,조지 오웰,민음사,"68,228",2003년 6월
7월,66,아주 희미한 빛으로도,최은영,문학동네,"79,454",2023년 8월
7월,67,삼체 1부 : 삼체문제,류츠신,자음과모음,"22,163",2022년 2월
7월,68,1984 (오리지널 초판본 표지 디자인),조지 오웰,코너스톤,"31,243",2020년 6월
7월,71,프로젝트 헤일메리,앤디 위어,알에이치코리아(RHK),"36,452",2021년 5월
7월,72,아가미 (리커버),구병모,위즈덤하우스,"25,674",2018년 3월
7월,74,불편한 편의점 2 (단풍 에디션),김호연,나무옆의자,"55,894",2022년 8월
7월,75,"칵테일, 러브, 좀비 (리커버)",조예은,안전가옥,"34,394",2020년 4월
7월,76,브론테 자매 스페셜 박스 세트 - 전2권,샬럿 브론테,열린책들,"7,218",2024년 6월
7월,77,입속 지느러미,조예은,한겨레출판,"10,013",2024년 5월
7월,78,앨저넌에게 꽃을 (아트 리커버 에디션),대니얼 키스,황금부엉이,세일즈 포인트 정보 없음,2021년 4월
7월,79,소설 보다 : 여름 2024,서장원,문학과지성사,"8,833",2024년 6월
7월,80,용의자 X의 헌신,히가시노 게이고,재인,"32,422",2017년 8월
7월,81,삼국지 원전 완역판 세트 - 전10권,요시카와 에이지,코너스톤,"25,828",2020년 3월
7월,84,달러구트 꿈 백화점,이미예,팩토리나인,세일즈 포인트 정보 없음,2020년 7월
7월,85,천 개의 파랑,천선란,허블,"37,844",2020년 8월
7월,86,노인과 바다,어니스트 헤밍웨이,민음사,"38,806",2012년 1월
7월,87,여름은 오래 그곳에 남아,마쓰이에 마사시,비채,세일즈 포인트 정보 없음,2016년 8월
7월,88,파도의 아이들,정수윤,돌베개,세일즈 포인트 정보 없음,2024년 6월
7월,90,급류,정대건,민음사,"61,761",2022년 12월
7월,92,아몬드,손원평,다즐링,세일즈 포인트 정보 없음,2023년 7월
7월,93,달과 6펜스,서머싯 몸,민음사,"46,094",2000년 6월
7월,94,인간 실격 (오리지널 초판본 표지 디자인),다자이 오사무,코너스톤,세일즈 포인트 정보 없음,2022년 1월
7월,95,호밀밭의 파수꾼,제롬 데이비드 샐린저,민음사,"74,478",2023년 1월
7월,96,동물농장 (오리지널 초판본 표지 디자인),조지 오웰,코너스톤,"24,336",2020년 6월
7월,97,은랑전,켄 리우,황금가지,"4,642",2024년 6월
7월,98,릴리 슈슈의 모든 것,이와이 슌지,아오키서점,세일즈 포인트 정보 없음,2023년 5월
7월,99,"오늘 밤, 세계에서 이 사랑이 사라진다 해도",이치조 미사키,모모,"44,389",2021년 6월
7월,100,살육에 이르는 병,아비코 다케마루,검은숲,세일즈 포인트 정보 없음,2016년 7월
8월,1,이중 하나는 거짓말,김애란,문학동네,"135,149",2024년 8월
8월,2,영원한 천국,정유정,은행나무,"80,267",2024년 8월
8월,3,푸른 들판을 걷다,클레어 키건,다산책방,"43,122",2024년 8월
8월,4,데뷔 못 하면 죽는 병 걸림 3부 초판 한정 굿즈박스 세트 - 전4권,백덕수,위시북스(KW북스),세일즈 포인트 정보 없음,2024년 12월
8월,5,헬로 뷰티풀,앤 나폴리타노,복복서가,세일즈 포인트 정보 없음,2024년 8월
8월,6,당신이 누군가를 죽였다,히가시노 게이고,북다,"67,552",2024년 7월
8월,7,백설공주에게 죽음을 (특별판),넬레 노이하우스,북로드,"15,105",2024년 5월
8월,8,모순,양귀자,쓰다,"165,396",2013년 4월
8월,9,하늘과 땅 식료품점,제임스 맥브라이드,미래지향,"14,018",2024년 8월
8월,10,가연물,요네자와 호노부,리드비,"12,589",2024년 8월
8월,11,옆집 천사님 때문에 어느샌가 인간적으로 타락한 사연 9 (특별한정판),사에키상,데이즈엔터(주),세일즈 포인트 정보 없음,2024년 9월
8월,12,사랑과 결함,예소연,문학동네,"19,975",2024년 7월
8월,14,데뷔 못 하면 죽는 병 걸림 3부 초판 양장본 세트 - 전4권,백덕수,위시북스(KW북스),세일즈 포인트 정보 없음,2024년 12월
8월,16,비 그친 오후의 헌책방,야기사와 사토시,다산책방,"24,739",2024년 8월
8월,17,리틀 라이프 1,한야 야나기하라,시공사,"65,757",2016년 6월
8월,18,두 사람의 인터내셔널,김기태,문학동네,"62,847",2024년 5월
8월,19,우리에게 남은 시간 46일,이설,하이스트,"18,137",2024년 2월
8월,20,음악소설집 音樂小說集,김애란,프란츠,"37,545",2024년 6월
8월,21,언젠가 우리가 같은 별을 바라본다면,차인표,해결책,"134,819",2021년 12월
8월,22,이처럼 사소한 것들,클레어 키건,다산책방,"236,370",2023년 11월
8월,23,절망과 열정의 시대,곽재식,구픽,세일즈 포인트 정보 없음,2024년 8월
8월,24,리틀 라이프 2,한야 야나기하라,시공사,"52,687",2016년 6월
8월,25,홍학의 자리,정해연,엘릭시르,"45,113",2021년 7월
8월,26,사라진 서점,이비 우즈,인플루엔셜(주),"9,495",2024년 7월
8월,27,네가 유성처럼 스러지는 모습을 지켜볼 운명이었다,미나토 쇼,필름(Feelm),세일즈 포인트 정보 없음,2024년 7월
8월,28,"소설, 한국을 말하다",장강명,은행나무,세일즈 포인트 정보 없음,2024년 8월
8월,29,홀리,스티븐 킹,황금가지,"7,615",2024년 8월
8월,30,구의 증명,최진영,은행나무,"70,465",2023년 4월
8월,31,철도원 삼대,황석영,창비,"26,812",2020년 6월
8월,32,세상의 마지막 기차역 (리커버 에디션),무라세 다케시,모모,"54,758",2022년 5월
8월,33,오렌지와 빵칼,청예,허블,"16,628",2024년 7월
8월,34,데미안 (오리지널 초판본 표지디자인),헤르만 헤세,코너스톤,"93,420",2017년 1월
8월,35,괴테와의 대화,요한 페터 에커만,동서문화동판(동서문화사),세일즈 포인트 정보 없음,2007년 8월
8월,36,맡겨진 소녀,클레어 키건,다산책방,"86,363",2023년 4월
8월,38,생의 이면,이승우,문학동네,"7,209",2024년 9월
8월,39,침묵의 세계,막스 피카르트,까치,세일즈 포인트 정보 없음,2010년 7월
8월,40,인간 실격,다자이 오사무,민음사,"81,492",2004년 5월
8월,41,바닷가의 루시,엘리자베스 스트라우트,문학동네,"5,542",2024년 8월
8월,42,흐르는 강물처럼,셸리 리드,다산책방,"44,205",2024년 1월
8월,43,나의 돈키호테,김호연,나무옆의자,"34,665",2024년 4월
8월,44,파친코 (합본 한정판),이민진,인플루엔셜(주),"15,949",2023년 12월
8월,45,괴테와의 대화 1,요한 페터 에커만,민음사,"13,003",2008년 5월
8월,46,1984,조지 오웰,민음사,"68,228",2003년 6월
8월,47,탕비실,이미예,한끼,"21,400",2024년 7월
8월,48,무직전생 1,리후진 나 마고노테,학산문화사(라이트노벨),세일즈 포인트 정보 없음,2024년 8월
8월,49,라비우와 링과,김서해,위즈덤하우스,세일즈 포인트 정보 없음,2024년 8월
8월,50,우리가 겨울을 지나온 방식 (리커버),문미순,나무옆의자,"15,342",2023년 5월
8월,51,참을 수 없는 존재의 가벼움,밀란 쿤데라,민음사,세일즈 포인트 정보 없음,2018년 6월
8월,52,열세 번째 배심원,스티브 캐버나,북로드,세일즈 포인트 정보 없음,2019년 3월
8월,53,"소년이 온다 (10주년 한정 특별판, 양장)",한강,창비,"46,057",2014년 5월
8월,54,옐로페이스,R. F. 쿠앙,문학사상,"4,935",2024년 8월
8월,55,파과 (리커버),구병모,위즈덤하우스,"39,243",2018년 4월
8월,56,싯다르타,헤르만 헤세,민음사,"56,030",2002년 1월
8월,57,멜라닌,하승민,한겨레출판,세일즈 포인트 정보 없음,2024년 7월
8월,58,달리는 말,미시마 유키오,민음사,세일즈 포인트 정보 없음,2024년 7월
8월,59,천 개의 파랑,천선란,허블,"37,844",2020년 8월
8월,60,마녀와의 7일,히가시노 게이고,현대문학,"19,373",2024년 6월
8월,61,불편한 편의점 (벚꽃 에디션),김호연,나무옆의자,"186,097",2021년 4월
8월,62,적산가옥의 유령,조예은,현대문학,"11,527",2024년 6월
8월,63,가끔씩 툭하고 러시아어로 부끄러워하는 옆자리의 아랴 양 7 (특별판),SUN SUN SUN,디앤씨미디어(주)(D&C미디어),세일즈 포인트 정보 없음,2024년 8월
8월,64,포스 윙,레베카 야로스,북폴리오,세일즈 포인트 정보 없음,2024년 6월
8월,65,스티븐 킹 마스터 클래스,베브 빈센트,황금가지,"2,298",2024년 8월
8월,67,십계,유키 하루오,블루홀식스(블루홀6),세일즈 포인트 정보 없음,2024년 7월
8월,68,내게 빌어봐 1~4 리미티드 에디션 박스 세트,리베냐,마카롱,세일즈 포인트 정보 없음,2024년 8월
8월,69,아이가 없는 집,알렉스 안도릴,필름(Feelm),세일즈 포인트 정보 없음,2024년 6월
8월,70,작은 땅의 야수들,김주혜,다산책방,"122,660",2023년 6월
8월,71,국립존엄보장센터,남유하,서해문집,세일즈 포인트 정보 없음,2022년 5월
8월,72,수레바퀴 아래서 (오리지널 초판본 표지디자인),헤르만 헤세,코너스톤,"42,009",2017년 1월
8월,73,아몬드,손원평,다즐링,세일즈 포인트 정보 없음,2023년 7월
8월,74,1984 (오리지널 초판본 표지 디자인),조지 오웰,코너스톤,"31,243",2020년 6월
8월,75,빛이 이끄는 곳으로,백희성,북로망스,"36,437",2024년 8월
8월,76,삼체 1~3 세트 - 전3권,류츠신,자음과모음,"37,575",2020년 7월
8월,77,파친코 1,이민진,인플루엔셜(주),"51,492",2022년 7월
8월,78,현자의 제자를 자칭하는 현자 20,류센 히로츠구,㈜소미미디어,세일즈 포인트 정보 없음,2024년 8월
8월,79,파친코 2,이민진,인플루엔셜(주),"49,799",2022년 8월
8월,80,프로젝트 헤일메리,앤디 위어,알에이치코리아(RHK),"36,452",2021년 5월
8월,81,채식주의자 (리마스터판),한강,창비,"930,168",2022년 3월
8월,82,속삭임 우묵한 정원,배수아,은행나무,"10,311",2024년 7월
8월,84,이방인,알베르 카뮈,민음사,"58,642",2019년 9월
8월,85,삼체 1부 : 삼체문제,류츠신,자음과모음,"22,163",2022년 2월
8월,86,지구 끝의 온실,김초엽,자이언트북스,"45,617",2021년 8월
8월,87,우치다 햣켄 기담집,우치다 햣켄,글항아리,세일즈 포인트 정보 없음,2024년 8월
8월,88,괴테와의 대화 2,요한 페터 에커만,민음사,"7,877",2008년 5월
8월,90,회색 인간,김동식,요다,"45,227",2017년 12월
8월,91,이반 일리치의 죽음,레프 니콜라예비치 톨스토이,창비,세일즈 포인트 정보 없음,2012년 10월
8월,92,못해 그리고 안 할 거야,리디아 데이비스,에트르,세일즈 포인트 정보 없음,2024년 7월
8월,93,데미안,헤르만 헤세,민음사,"103,297",2000년 12월
8월,94,불편한 편의점 2 (단풍 에디션),김호연,나무옆의자,"55,894",2022년 8월
8월,95,고요의 바다에서,에밀리 세인트존 맨델,열린책들,"7,947",2024년 7월
8월,97,아주 희미한 빛으로도,최은영,문학동네,"79,454",2023년 8월
8월,99,삼국지 원전 완역판 세트 - 전10권,요시카와 에이지,코너스톤,"25,828",2020년 3월
8월,100,한국이 싫어서,장강명,민음사,"13,821",2015년 5월
9월,1,이중 하나는 거짓말,김애란,문학동네,"135,149",2024년 8월
9월,2,언젠가 우리가 같은 별을 바라본다면,차인표,해결책,"134,819",2021년 12월
9월,3,영원한 천국,정유정,은행나무,"80,267",2024년 8월
9월,4,빛이 이끄는 곳으로,백희성,북로망스,"36,437",2024년 8월
9월,5,너머의 세계,유린,고블,세일즈 포인트 정보 없음,2024년 9월
9월,6,대온실 수리 보고서,김금희,창비,"82,050",2024년 10월
9월,7,모순,양귀자,쓰다,"165,396",2013년 4월
9월,8,우연은 비켜 가지 않는다,줄리언 반스,다산책방,"38,300",2024년 9월
9월,9,리틀 라이프 1,한야 야나기하라,시공사,"65,757",2016년 6월
9월,10,파친코 (합본 한정판),이민진,인플루엔셜(주),"15,949",2023년 12월
9월,11,당신이 누군가를 죽였다,히가시노 게이고,북다,"67,552",2024년 7월
9월,12,푸른 들판을 걷다,클레어 키건,다산책방,"43,122",2024년 8월
9월,13,파친코 1,이민진,인플루엔셜(주),"51,492",2022년 7월
9월,14,파친코 2,이민진,인플루엔셜(주),"49,799",2022년 8월
9월,15,리틀 라이프 2,한야 야나기하라,시공사,"52,687",2016년 6월
9월,16,면도날,서머싯 몸,민음사,"35,296",2009년 6월
9월,17,데뷔 못 하면 죽는 병 걸림 3부 초판 한정 굿즈박스 세트 - 전4권,백덕수,위시북스(KW북스),세일즈 포인트 정보 없음,2024년 12월
9월,18,백설공주에게 죽음을 (특별판),넬레 노이하우스,북로드,"15,105",2024년 5월
9월,19,두 사람의 인터내셔널,김기태,문학동네,"62,847",2024년 5월
9월,20,지구별 인간,무라타 사야카,비채,"14,193",2022년 9월
9월,21,빛과 멜로디,조해진,문학동네,"19,020",2024년 8월
9월,22,이처럼 사소한 것들,클레어 키건,다산책방,"236,370",2023년 11월
9월,23,삼체 1~3 세트 - 전3권,류츠신,자음과모음,"37,575",2020년 7월
9월,24,참 좋았더라,김탁환,남해의봄날,세일즈 포인트 정보 없음,2024년 9월
9월,25,데미안 (오리지널 초판본 표지디자인),헤르만 헤세,코너스톤,"93,420",2017년 1월
9월,26,구의 증명,최진영,은행나무,"70,465",2023년 4월
9월,27,홍학의 자리,정해연,엘릭시르,"45,113",2021년 7월
9월,28,사랑과 결함,예소연,문학동네,"19,975",2024년 7월
9월,29,인간 실격,다자이 오사무,민음사,"81,492",2004년 5월
9월,30,싯다르타,헤르만 헤세,민음사,"56,030",2002년 1월
9월,32,소설 보다 : 가을 2024,권희진,문학과지성사,"9,630",2024년 9월
9월,33,세상의 마지막 기차역 (리커버 에디션),무라세 다케시,모모,"54,758",2022년 5월
9월,34,청과 부동명왕,미야베 미유키,북스피어,세일즈 포인트 정보 없음,2024년 9월
9월,35,음악소설집 音樂小說集,김애란,프란츠,"37,545",2024년 6월
9월,36,데미안,헤르만 헤세,민음사,"103,297",2000년 12월
9월,37,흐르는 강물처럼,셸리 리드,다산책방,"44,205",2024년 1월
9월,38,가연물,요네자와 호노부,리드비,"12,589",2024년 8월
9월,39,나의 눈부신 친구 (리커버 특별판),엘레나 페란테,한길사,"15,752",2016년 7월
9월,40,맡겨진 소녀,클레어 키건,다산책방,"86,363",2023년 4월
9월,41,남은 인생 10년,코사카 루카,모모,"11,793",2024년 3월
9월,42,1984 (오리지널 초판본 표지 디자인),조지 오웰,코너스톤,"31,243",2020년 6월
9월,44,67번째 천산갑,천쓰홍,민음사,세일즈 포인트 정보 없음,2024년 9월
9월,45,용의자 X의 헌신,히가시노 게이고,재인,"32,422",2017년 8월
9월,46,탕비실,이미예,한끼,"21,400",2024년 7월
9월,47,참을 수 없는 존재의 가벼움,밀란 쿤데라,민음사,세일즈 포인트 정보 없음,2018년 6월
9월,48,브람스를 좋아하세요...,프랑수아즈 사강,민음사,"38,839",2008년 5월
9월,49,이방인,알베르 카뮈,민음사,"58,642",2019년 9월
9월,50,나는 소망한다 내게 금지된 것을,양귀자,쓰다,"41,368",2019년 4월
9월,52,1984,조지 오웰,민음사,"68,228",2003년 6월
9월,53,헬로 뷰티풀,앤 나폴리타노,복복서가,세일즈 포인트 정보 없음,2024년 8월
9월,55,우리에게 남은 시간 46일,이설,하이스트,"18,137",2024년 2월
9월,56,여전히 나는,다비드 칼리,오후의소묘,"6,445",2024년 9월
9월,57,프로젝트 헤일메리,앤디 위어,알에이치코리아(RHK),"36,452",2021년 5월
9월,58,홀리,스티븐 킹,황금가지,"7,615",2024년 8월
9월,59,생의 이면,이승우,문학동네,"7,209",2024년 9월
9월,60,숨겨진 건 죽음,앤서니 호로위츠,열린책들,"4,813",2024년 8월
9월,61,소드 오라토리아 14 (한정판),오모리 후지노,㈜소미미디어,세일즈 포인트 정보 없음,2024년 9월
9월,62,수레바퀴 아래서 (오리지널 초판본 표지디자인),헤르만 헤세,코너스톤,"42,009",2017년 1월
9월,63,삼체 1부 : 삼체문제,류츠신,자음과모음,"22,163",2022년 2월
9월,64,급류,정대건,민음사,"61,761",2022년 12월
9월,65,히카루가 죽은 여름 1 (특장판),누카가 미오,디앤씨미디어(주)(D&C미디어),세일즈 포인트 정보 없음,2024년 9월
9월,66,2024 제15회 젊은작가상 수상작품집,김멜라,문학동네,"40,429",2024년 3월
9월,67,데뷔 못 하면 죽는 병 걸림 3부 초판 양장본 세트 - 전4권,백덕수,위시북스(KW북스),세일즈 포인트 정보 없음,2024년 12월
9월,68,"소년이 온다 (10주년 한정 특별판, 양장)",한강,창비,"46,057",2014년 5월
9월,70,파과 (리커버),구병모,위즈덤하우스,"39,243",2018년 4월
9월,71,"칵테일, 러브, 좀비 (리커버)",조예은,안전가옥,"34,394",2020년 4월
9월,72,우리가 겨울을 지나온 방식 (리커버),문미순,나무옆의자,"15,342",2023년 5월
9월,73,말하고 싶은 비밀,사쿠라 이이요,모모,"18,718",2023년 12월
9월,74,이반 일리치의 죽음,레프 니콜라예비치 톨스토이,창비,세일즈 포인트 정보 없음,2012년 10월
9월,75,철도원 삼대,황석영,창비,"26,812",2020년 6월
9월,76,비 그친 오후의 헌책방,야기사와 사토시,다산책방,"24,739",2024년 8월
9월,77,카스트라토 : 거세당한 자,표창원,&(앤드),"6,490",2024년 9월
9월,78,불편한 편의점 (벚꽃 에디션),김호연,나무옆의자,"186,097",2021년 4월
9월,79,보이지 않는 친구 1,스티븐 크보스키,북로드,세일즈 포인트 정보 없음,2021년 8월
9월,80,달과 6펜스,서머싯 몸,민음사,"46,094",2000년 6월
9월,81,악의,히가시노 게이고,현대문학,"17,699",2019년 7월
9월,82,단 한 사람,최진영,한겨레출판,세일즈 포인트 정보 없음,2023년 9월
9월,83,채식주의자 (리마스터판),한강,창비,"930,168",2022년 3월
9월,85,악마의 계약서는 만기 되지 않는다,리러하,팩토리나인,"6,179",2022년 8월
9월,86,보이지 않는 친구 2,스티븐 크보스키,북로드,세일즈 포인트 정보 없음,2021년 8월
9월,87,아주 희미한 빛으로도,최은영,문학동네,"79,454",2023년 8월
9월,88,이효석문학상 수상작품집 2024,손보미,북다,"4,609",2024년 8월
9월,89,"나, 버지니아 울프",수사네 쿠렌달,어크로스,세일즈 포인트 정보 없음,2023년 1월
9월,90,종의 기원,정유정,은행나무,"45,907",2016년 5월
9월,91,오렌지와 빵칼,청예,허블,"16,628",2024년 7월
9월,92,트리플 세븐,이사카 고타로,알에이치코리아(RHK),세일즈 포인트 정보 없음,2024년 9월
9월,93,내일의 엔딩,김유나,창비,"1,540",2024년 9월
9월,94,노르웨이의 숲,무라카미 하루키,민음사,세일즈 포인트 정보 없음,2017년 8월
9월,95,미키7 완전판 세트 - 전2권,에드워드 애슈턴,황금가지,세일즈 포인트 정보 없음,2023년 11월
9월,96,호밀밭의 파수꾼,제롬 데이비드 샐린저,민음사,"74,478",2023년 1월
9월,97,불편한 편의점 2 (단풍 에디션),김호연,나무옆의자,"55,894",2022년 8월
9월,98,아이가 없는 집,알렉스 안도릴,필름(Feelm),세일즈 포인트 정보 없음,2024년 6월
9월,99,삼국지 원전 완역판 세트 - 전10권,요시카와 에이지,코너스톤,"25,828",2020년 3월
9월,100,죄와 벌 1,표도르 도스토옙스키,민음사,"20,065",2012년 3월
10월,1,소년이 온다,한강,창비,"1,544,378",2014년 5월
10월,2,작별하지 않는다,한강,문학동네,"1,025,288",2021년 9월
10월,3,채식주의자 (리마스터판),한강,창비,"930,168",2022년 3월
10월,4,흰,한강,문학동네,"333,522",2018년 4월
10월,6,희랍어 시간,한강,문학동네,"202,986",2011년 11월
10월,8,여수의 사랑,한강,문학과지성사,"76,845",2018년 11월
10월,9,"바람이 분다, 가라",한강,문학과지성사,"91,007",2010년 2월
10월,10,작은 땅의 야수들,김주혜,다산책방,"122,660",2023년 6월
10월,11,내 여자의 열매,한강,문학과지성사,"51,537",2018년 11월
10월,12,이중 하나는 거짓말,김애란,문학동네,"135,149",2024년 8월
10월,13,노랑무늬영원,한강,문학과지성사,"46,587",2018년 11월
10월,14,검은 사슴,한강,문학동네,"54,028",2017년 12월
10월,15,대도시의 사랑법,박상영,창비,"42,271",2019년 6월
10월,16,눈물상자,한강,문학동네,"41,439",2008년 5월
10월,17,모순,양귀자,쓰다,"165,396",2013년 4월
10월,18,언젠가 우리가 같은 별을 바라본다면,차인표,해결책,"134,819",2021년 12월
10월,19,대온실 수리 보고서,김금희,창비,"82,050",2024년 10월
10월,20,엘리펀트 헤드,시라이 도모유키,내친구의서재,"17,860",2024년 10월
10월,21,급류,정대건,민음사,"61,761",2022년 12월
10월,22,사랑 후에 오는 것들 세트 - 전2권,공지영,(주)태일소담출판사,"13,711",2024년 8월
10월,23,한강 : 회복하는 인간 Convalescence,한강,도서출판 아시아,"27,609",2013년 6월
10월,24,[큰글자도서] 소년이 온다 1,한강,창비,"23,021",2017년 2월
10월,25,내 이름은 태양꽃,한강,문학동네,"25,153",2002년 3월
10월,26,그대의 차가운 손,한강,문학과지성사,"31,172",2002년 1월
10월,27,영원한 천국,정유정,은행나무,"80,267",2024년 8월
10월,28,달의 뒷면을 걷다,전혜진,폴라북스(현대문학),"2,205",2024년 10월
10월,29,데미안 (오리지널 초판본 표지디자인),헤르만 헤세,코너스톤,"93,420",2017년 1월
10월,30,구의 증명,최진영,은행나무,"70,465",2023년 4월
10월,31,몽고반점,한강,문학사상,"25,578",2005년 1월
10월,32,[큰글자도서] 소년이 온다 2,한강,창비,"11,867",2017년 2월
10월,33,"만해 한용운, 도올이 부른다 1",김용옥,통나무,"17,865",2024년 10월
10월,34,빛이 이끄는 곳으로,백희성,북로망스,"36,437",2024년 8월
10월,36,파친코 1,이민진,인플루엔셜(주),"51,492",2022년 7월
10월,37,바우키스의 말,배수아,은행나무,"5,160",2024년 10월
10월,38,파친코 2,이민진,인플루엔셜(주),"49,799",2022년 8월
10월,39,홍학의 자리,정해연,엘릭시르,"45,113",2021년 7월
10월,40,당신이 누군가를 죽였다,히가시노 게이고,북다,"67,552",2024년 7월
10월,41,"만해 한용운, 도올이 부른다 2",김용옥,통나무,"15,230",2024년 10월
10월,42,푸른 들판을 걷다,클레어 키건,다산책방,"43,122",2024년 8월
10월,43,조금 망한 사랑,김지연,문학동네,"18,340",2024년 10월
10월,44,비 그친 오후의 헌책방,야기사와 사토시,다산책방,"24,739",2024년 8월
10월,45,바깥은 여름,김애란,문학동네,"43,699",2017년 6월
10월,46,원더풀 랜드,더글라스 케네디,밝은세상,"9,535",2024년 10월
10월,47,몬스터 1,넬레 노이하우스,북로드,"10,140",2024년 10월
10월,48,1984,조지 오웰,민음사,"68,228",2003년 6월
10월,50,빛과 멜로디,조해진,문학동네,"19,020",2024년 8월
10월,51,세상의 마지막 기차역 (리커버 에디션),무라세 다케시,모모,"54,758",2022년 5월
10월,52,데미안,헤르만 헤세,민음사,"103,297",2000년 12월
10월,53,음악소설집 音樂小說集,김애란,프란츠,"37,545",2024년 6월
10월,54,이처럼 사소한 것들,클레어 키건,다산책방,"236,370",2023년 11월
10월,55,1984 (오리지널 초판본 표지 디자인),조지 오웰,코너스톤,"31,243",2020년 6월
10월,56,몬스터 2,넬레 노이하우스,북로드,"9,300",2024년 10월
10월,57,소드 아트 온라인 26,카와하라 레키,서울문화사,"5,100",2024년 10월
10월,58,지구별 인간,무라타 사야카,비채,"14,193",2022년 9월
10월,59,인간 실격,다자이 오사무,민음사,"81,492",2004년 5월
10월,60,86 에이티식스 Alter.1,아사토 아사토,데이즈엔터(주),세일즈 포인트 정보 없음,2024년 11월
10월,61,싯다르타,헤르만 헤세,민음사,"56,030",2002년 1월
10월,62,수레바퀴 아래서 (오리지널 초판본 표지디자인),헤르만 헤세,코너스톤,"42,009",2017년 1월
10월,63,2024 김승옥문학상 수상작품집,조경란,문학동네,"6,795",2024년 10월
10월,64,나는 소망한다 내게 금지된 것을,양귀자,쓰다,"41,368",2019년 4월
10월,65,더 디너,헤르만 코흐,민음사,"5,660",2024년 8월
10월,66,이방인,알베르 카뮈,민음사,"58,642",2019년 9월
10월,67,파과 (리커버),구병모,위즈덤하우스,"39,243",2018년 4월
10월,68,맡겨진 소녀,클레어 키건,다산책방,"86,363",2023년 4월
10월,69,우연은 비켜 가지 않는다,줄리언 반스,다산책방,"38,300",2024년 9월
10월,70,멋진 신세계,올더스 헉슬리,(주)태일소담출판사,"39,922",2015년 6월
10월,71,두 사람의 인터내셔널,김기태,문학동네,"62,847",2024년 5월
10월,72,리틀 라이프 1,한야 야나기하라,시공사,"65,757",2016년 6월
10월,73,리틀 라이프 2,한야 야나기하라,시공사,"52,687",2016년 6월
10월,74,흐르는 강물처럼,셸리 리드,다산책방,"44,205",2024년 1월
10월,75,시티 뷰,우신영,다산책방,세일즈 포인트 정보 없음,2024년 9월
10월,76,불편한 편의점 (벚꽃 에디션),김호연,나무옆의자,"186,097",2021년 4월
10월,77,노르웨이의 숲,무라카미 하루키,민음사,세일즈 포인트 정보 없음,2017년 8월
10월,78,면도날,서머싯 몸,민음사,"35,296",2009년 6월
10월,79,노트북,니컬러스 스파크스,모모,"6,900",2024년 5월
10월,80,종의 기원,정유정,은행나무,"45,907",2016년 5월
10월,81,사랑 후에 오는 것들 (츠지 히토나리),츠지 히토나리,(주)태일소담출판사,"2,648",2024년 8월
10월,82,브람스를 좋아하세요...,프랑수아즈 사강,민음사,"38,839",2008년 5월
10월,83,고양이를 처방해 드립니다 1,이시다 쇼,다산책방,"4,155",2024년 10월
10월,84,위대한 그의 빛,심윤경,문학동네,"4,560",2024년 9월
10월,85,철도원 삼대,황석영,창비,"26,812",2020년 6월
10월,86,사랑 후에 오는 것들 (공지영),공지영,(주)태일소담출판사,"3,743",2024년 8월
10월,87,백광,렌조 미키히코,모모,세일즈 포인트 정보 없음,2022년 2월
10월,88,밝은 밤,최은영,문학동네,"50,439",2021년 7월
10월,89,삼국지 원전 완역판 세트 - 전10권,요시카와 에이지,코너스톤,"25,828",2020년 3월
10월,90,"한강, 채식주의자 깊게 읽기",한귀은,더스토리,세일즈 포인트 정보 없음,2016년 6월
10월,91,인간 실격 (오리지널 초판본 표지 디자인),다자이 오사무,코너스톤,세일즈 포인트 정보 없음,2022년 1월
10월,93,소설 보다 : 가을 2024,권희진,문학과지성사,"9,630",2024년 9월
10월,94,사바삼사라 서 세트 - 전2권,J. 김보영,디플롯,"14,888",2024년 9월
10월,95,말하고 싶은 비밀,사쿠라 이이요,모모,"18,718",2023년 12월
10월,96,저주토끼,정보라,래빗홀,"16,204",2023년 4월
10월,97,지구 끝의 온실,김초엽,자이언트북스,"45,617",2021년 8월
10월,98,기묘한 이야기들,올가 토카르추크,민음사,"10,210",2024년 10월
10월,99,참을 수 없는 존재의 가벼움 (리커버),밀란 쿤데라,민음사,"70,351",2018년 6월
10월,100,"낭만 수의사, 희망을 처방합니다",린리신,모모,"7,100",2024년 9월
11월,1,소년이 온다,한강,창비,"1,544,378",2014년 5월
11월,2,작별하지 않는다,한강,문학동네,"1,025,288",2021년 9월
11월,3,채식주의자 (리마스터판),한강,창비,"930,168",2022년 3월
11월,4,흰,한강,문학동네,"333,522",2018년 4월
11월,7,희랍어 시간,한강,문학동네,"202,986",2011년 11월
11월,8,모순,양귀자,쓰다,"165,396",2013년 4월
11월,10,모우어,천선란,문학동네,"46,895",2024년 11월
11월,11,작은 땅의 야수들,김주혜,다산책방,"122,660",2023년 6월
11월,12,"만해 한용운, 도올이 부른다 1",김용옥,통나무,"17,865",2024년 10월
11월,13,이처럼 사소한 것들,클레어 키건,다산책방,"236,370",2023년 11월
11월,14,리버 1,오쿠다 히데오,은행나무,"19,560",2024년 11월
11월,15,급류,정대건,민음사,"61,761",2022년 12월
11월,16,이중 하나는 거짓말,김애란,문학동네,"135,149",2024년 8월
11월,17,미로장의 참극,요코미조 세이시,시공사,"15,935",2024년 11월
11월,18,"만해 한용운, 도올이 부른다 2",김용옥,통나무,"15,230",2024년 10월
11월,19,데미안 (오리지널 초판본 표지디자인),헤르만 헤세,코너스톤,"93,420",2017년 1월
11월,20,언젠가 우리가 같은 별을 바라본다면,차인표,해결책,"134,819",2021년 12월
11월,21,여수의 사랑,한강,문학과지성사,"76,845",2018년 11월
11월,22,"바람이 분다, 가라",한강,문학과지성사,"91,007",2010년 2월
11월,23,리버 2,오쿠다 히데오,은행나무,"15,785",2024년 11월
11월,24,패배 히로인이 너무 많아! 6,아마모리 타키비,데이즈엔터(주),"9,650",2024년 12월
11월,25,문학 속의 풍경들,누리아 솔소나,로즈윙클프레스,"3,025",2024년 11월
11월,27,대온실 수리 보고서,김금희,창비,"82,050",2024년 10월
11월,28,면도날,서머싯 몸,민음사,"35,296",2009년 6월
11월,29,조금 망한 사랑,김지연,문학동네,"18,340",2024년 10월
11월,30,검은 사슴,한강,문학동네,"54,028",2017년 12월
11월,31,하늘과 땅 식료품점,제임스 맥브라이드,미래지향,"14,018",2024년 8월
11월,32,어서 오세요 실력지상주의 교실에 2학년 편 12,키누가사 쇼고,㈜소미미디어,"8,100",2024년 11월
11월,33,싯다르타,헤르만 헤세,민음사,"56,030",2002년 1월
11월,34,구의 증명,최진영,은행나무,"70,465",2023년 4월
11월,35,내가 키운 S급들 1~5 + 굿즈 패키지 세트 - 전5권,근서,JAYPLEMEDIA,"32,050",2024년 12월
11월,36,창작자를 위한 지브리 스토리텔링,이누해,동녘,"12,615",2024년 11월
11월,38,예언자의 노래,폴 린치,은행나무,"17,515",2024년 11월
11월,40,내 여자의 열매,한강,문학과지성사,"51,537",2018년 11월
11월,41,스파이 코스트,테스 게리첸,미래지향,"11,925",2024년 11월
11월,42,수레바퀴 아래서 (오리지널 초판본 표지디자인),헤르만 헤세,코너스톤,"42,009",2017년 1월
11월,43,영원한 천국,정유정,은행나무,"80,267",2024년 8월
11월,44,표범,주세페 토마시 디 람페두사,민음사,"4,165",2024년 11월
11월,45,당신이 누군가를 죽였다,히가시노 게이고,북다,"67,552",2024년 7월
11월,46,아이언 플레임 1,레베카 야로스,북폴리오,"28,505",2024년 11월
11월,47,푸른 들판을 걷다,클레어 키건,다산책방,"43,122",2024년 8월
11월,48,둔색환시행,온다 리쿠,시공사,"5,415",2024년 11월
11월,49,위키드 1,그레고리 머과이어,민음사,"9,875",2024년 11월
11월,50,스피노자의 진찰실,나쓰카와 소스케,알토북스,세일즈 포인트 정보 없음,2024년 12월
11월,51,인간 실격,다자이 오사무,민음사,"81,492",2004년 5월
11월,52,1984,조지 오웰,민음사,"68,228",2003년 6월
11월,53,노랑무늬영원,한강,문학과지성사,"46,587",2018년 11월
11월,54,맡겨진 소녀,클레어 키건,다산책방,"86,363",2023년 4월
11월,55,홍학의 자리,정해연,엘릭시르,"45,113",2021년 7월
11월,56,데미안,헤르만 헤세,민음사,"103,297",2000년 12월
11월,57,엘리펀트 헤드,시라이 도모유키,내친구의서재,"17,860",2024년 10월
11월,58,비눗방울 퐁,이유리,민음사,"7,690",2024년 11월
11월,59,헬로 뷰티풀,앤 나폴리타노,복복서가,세일즈 포인트 정보 없음,2024년 8월
11월,60,비 그친 오후의 헌책방,야기사와 사토시,다산책방,"24,739",2024년 8월
11월,61,이별하는 방법을 가르쳐줘,이치조 미사키,모모,"8,310",2024년 11월
11월,62,두 사람의 인터내셔널,김기태,문학동네,"62,847",2024년 5월
11월,63,대도시의 사랑법,박상영,창비,"42,271",2019년 6월
11월,64,비 그친 오후의 헌책방 2,야기사와 사토시,다산책방,"5,740",2024년 11월
11월,66,눈물상자,한강,문학동네,"41,439",2008년 5월
11월,67,기묘한 이야기들,올가 토카르추크,민음사,"10,210",2024년 10월
11월,68,세상의 마지막 기차역 (리커버 에디션),무라세 다케시,모모,"54,758",2022년 5월
11월,69,브람스를 좋아하세요...,프랑수아즈 사강,민음사,"38,839",2008년 5월
11월,70,나는 소망한다 내게 금지된 것을,양귀자,쓰다,"41,368",2019년 4월
11월,71,우연은 비켜 가지 않는다,줄리언 반스,다산책방,"38,300",2024년 9월
11월,72,포스 윙 (일러스트 표지 에디션),레베카 야로스,북폴리오,"35,463",2024년 6월
11월,73,리틀 라이프 1,한야 야나기하라,시공사,"65,757",2016년 6월
11월,74,음악소설집 音樂小說集,김애란,프란츠,"37,545",2024년 6월
11월,75,이방인,알베르 카뮈,민음사,"58,642",2019년 9월
11월,76,마녀의 여행 20,시라이시 죠우기,㈜소미미디어,"4,795",2024년 11월
11월,77,밤이 끝나는 곳,온다 리쿠,시공사,"4,380",2024년 11월
11월,78,1984 (오리지널 초판본 표지 디자인),조지 오웰,코너스톤,"31,243",2020년 6월
11월,79,불편한 편의점 (벚꽃 에디션),김호연,나무옆의자,"186,097",2021년 4월
11월,80,흐르는 강물처럼,셸리 리드,다산책방,"44,205",2024년 1월
11월,81,괴테와의 대화 1,요한 페터 에커만,민음사,"13,003",2008년 5월
11월,82,노르웨이의 숲,무라카미 하루키,민음사,세일즈 포인트 정보 없음,2017년 8월
11월,83,내가 되는 꿈 (리커버),최진영,현대문학,"18,777",2021년 2월
11월,84,참을 수 없는 존재의 가벼움 (리커버),밀란 쿤데라,민음사,"70,351",2018년 6월
11월,85,프로젝트 헤일메리,앤디 위어,알에이치코리아(RHK),"36,452",2021년 5월
11월,86,트렁크 (리마스터판),김려령,창비,"10,955",2024년 10월
11월,87,빛이 이끄는 곳으로,백희성,북로망스,"36,437",2024년 8월
11월,88,삼국지 원전 완역판 세트 - 전10권,요시카와 에이지,코너스톤,"25,828",2020년 3월
11월,89,동물농장,조지 오웰,민음사,"72,757",1998년 8월
11월,90,8월은 악마의 달,에드나 오브라이언,민음사,"4,890",2024년 10월
11월,91,위키드 2,그레고리 머과이어,민음사,"6,220",2024년 11월
11월,92,연남동 빙굴빙굴 빨래방,김지윤,팩토리나인,세일즈 포인트 정보 없음,2023년 8월
11월,93,악스트 Axt 2024.11.12,악스트 편집부,은행나무,"3,230",2024년 11월
11월,94,리틀 라이프 2,한야 야나기하라,시공사,"52,687",2016년 6월
11월,95,파과 (리커버),구병모,위즈덤하우스,"39,243",2018년 4월
11월,96,천 개의 파랑,천선란,허블,"37,844",2020년 8월
11월,97,한강 : 회복하는 인간 Convalescence,한강,도서출판 아시아,"27,609",2013년 6월
11월,98,불편한 편의점 2 (단풍 에디션),김호연,나무옆의자,"55,894",2022년 8월
11월,99,2024 제15회 젊은작가상 수상작품집,김멜라,문학동네,"40,429",2024년 3월
11월,100,몬스터 1,넬레 노이하우스,북로드,"10,140",2024년 10월
12월,1,소년이 온다,한강,창비,"1,544,378",2014년 5월
12월,2,작별하지 않는다,한강,문학동네,"1,025,288",2021년 9월
12월,3,채식주의자 (리마스터판),한강,창비,"930,168",2022년 3월
12월,4,이처럼 사소한 것들,클레어 키건,다산책방,"236,370",2023년 11월
12월,5,작은 땅의 야수들,김주혜,다산책방,"122,660",2023년 6월
12월,6,흰,한강,문학동네,"333,522",2018년 4월
12월,8,어두운 바다의 등불이 되어 세트 (1~4),연산호,비채,"19,650",2024년 12월
12월,9,대온실 수리 보고서,김금희,창비,"82,050",2024년 10월
12월,10,희랍어 시간,한강,문학동네,"202,986",2011년 11월
12월,11,미로 속 아이,기욤 뮈소,밝은세상,"41,870",2024년 12월
12월,12,우연은 비켜 가지 않는다,줄리언 반스,다산책방,"38,300",2024년 9월
12월,13,한강 스페셜 에디션 (작별하지 않는다 + 흰 + 검은 사슴 + 필사 노트),한강,문학동네,"52,320",2024년 12월
12월,14,이중 하나는 거짓말 (니트 에디션) (3종 중 1종 랜덤),김애란,문학동네,세일즈 포인트 정보 없음,2024년 12월
12월,15,모순,양귀자,쓰다,"165,396",2013년 4월
12월,16,급류,정대건,민음사,"61,761",2022년 12월
12월,17,두 사람의 인터내셔널,김기태,문학동네,"62,847",2024년 5월
12월,19,내 삶의 글쓰기,빌 루어바흐,한즈미디어(한스미디어),세일즈 포인트 정보 없음,2023년 2월
12월,20,고마워요,이시노리,초록귤(우리학교),세일즈 포인트 정보 없음,2024년 12월
12월,21,셰리,시도니 가브리엘 콜레트,녹색광선,"15,620",2024년 12월
12월,22,데미안 (오리지널 초판본 표지디자인),헤르만 헤세,코너스톤,"93,420",2017년 1월
12월,23,언젠가 우리가 같은 별을 바라본다면,차인표,해결책,"134,819",2021년 12월
12월,24,아이언 플레임 2,레베카 야로스,북폴리오,"25,510",2024년 12월
12월,25,겨울철 한정 봉봉 쇼콜라 사건 - 하,요네자와 호노부,엘릭시르,"18,990",2024년 12월
12월,26,맡겨진 소녀,클레어 키건,다산책방,"86,363",2023년 4월
12월,27,겨울철 한정 봉봉 쇼콜라 사건 - 상,요네자와 호노부,엘릭시르,"19,570",2024년 12월
12월,28,[큰글자도서] 소년이 온다 1,한강,창비,"23,021",2017년 2월
12월,29,"바람이 분다, 가라",한강,문학과지성사,"91,007",2010년 2월
12월,31,타임 셸터,게오르기 고스포디노프,문학동네,"20,650",2024년 11월
12월,32,딕테,차학경,문학사상,"79,680",2024년 11월
12월,33,스타터 빌런,존 스칼지,구픽,세일즈 포인트 정보 없음,2024년 12월
12월,34,여수의 사랑,한강,문학과지성사,"76,845",2018년 11월
12월,35,검은 사슴,한강,문학동네,"54,028",2017년 12월
12월,36,타운하우스,전지영,창비,"9,290",2024년 12월
12월,38,데미안,헤르만 헤세,민음사,"103,297",2000년 12월
12월,39,먼 산의 기억,오르한 파묵,민음사,세일즈 포인트 정보 없음,2024년 11월
12월,40,구의 증명,최진영,은행나무,"70,465",2023년 4월
12월,41,모우어,천선란,문학동네,"46,895",2024년 11월
12월,42,소설 보다 : 겨울 2024,성혜령,문학과지성사,"15,940",2024년 12월
12월,43,우리에게 남은 시간 46일,이설,하이스트,"18,137",2024년 2월
12월,44,크리스마스 캐럴,찰스 디킨스,민음사,"7,300",2024년 12월
12월,45,라이프 임파서블,매트 헤이그,인플루엔셜(주),"17,990",2024년 11월
12월,46,좋아하는 마음 없이,김지연,현대문학,"11,830",2024년 12월
12월,47,나의 돈키호테 (꿈의 책장 에디션),김호연,나무옆의자,세일즈 포인트 정보 없음,2024년 4월
12월,48,푸른 들판을 걷다,클레어 키건,다산책방,"43,122",2024년 8월
12월,49,나는 소망한다 내게 금지된 것을,양귀자,쓰다,"41,368",2019년 4월
12월,50,새들이 남쪽으로 가는 날,리사 리드센,북파머스,세일즈 포인트 정보 없음,2024년 12월
12월,51,존재의 모든 것을,시오타 타케시,리드비,세일즈 포인트 정보 없음,2024년 12월
12월,52,당신이 누군가를 죽였다,히가시노 게이고,북다,"67,552",2024년 7월
12월,53,눈물상자,한강,문학동네,"41,439",2008년 5월
12월,54,면도날,서머싯 몸,민음사,"35,296",2009년 6월
12월,55,예언자의 노래,폴 린치,은행나무,"17,515",2024년 11월
12월,57,홍학의 자리,정해연,엘릭시르,"45,113",2021년 7월
12월,58,포스 윙 (일러스트 표지 에디션),레베카 야로스,북폴리오,"35,463",2024년 6월
12월,59,싯다르타,헤르만 헤세,민음사,"56,030",2002년 1월
12월,60,노랑무늬영원,한강,문학과지성사,"46,587",2018년 11월
12월,62,스파이 코스트,테스 게리첸,미래지향,"11,925",2024년 11월
12월,63,아리아드네의 목소리,이노우에 마기,블루홀식스(블루홀6),세일즈 포인트 정보 없음,2024년 12월
12월,64,영원한 천국,정유정,은행나무,"80,267",2024년 8월
12월,65,아이언 플레임 1,레베카 야로스,북폴리오,"28,505",2024년 11월
12월,66,내 여자의 열매,한강,문학과지성사,"51,537",2018년 11월
12월,67,삼국지 원전 완역판 세트 - 전10권,요시카와 에이지,코너스톤,"25,828",2020년 3월
12월,68,비정근,히가시노 게이고,하빌리스,세일즈 포인트 정보 없음,2024년 12월
12월,69,흐르는 강물처럼,셸리 리드,다산책방,"44,205",2024년 1월
12월,70,1984,조지 오웰,민음사,"68,228",2003년 6월
12월,71,1984 (오리지널 초판본 표지 디자인),조지 오웰,코너스톤,"31,243",2020년 6월
12월,73,금발의 정령사 3부 박스 세트 - 전6권,글비,오드아이,"6,630",2024년 12월
12월,74,프로젝트 헤일메리,앤디 위어,알에이치코리아(RHK),"36,452",2021년 5월
12월,75,리틀 라이프 1,한야 야나기하라,시공사,"65,757",2016년 6월
12월,76,해리 포터와 마법사의 돌 1 (무선),J.K. 롤링,문학수첩,"7,620",2024년 11월
12월,77,인간 실격,다자이 오사무,민음사,"81,492",2004년 5월
12월,79,설국,가와바타 야스나리,민음사,"37,034",2002년 1월
12월,80,어린 왕자 (오리지널 초판본),앙투안 드 생텍쥐페리,코너스톤,"18,380",2020년 9월
12월,81,이방인,알베르 카뮈,민음사,"58,642",2019년 9월
12월,82,사라진 것들,앤드루 포터,문학동네,"25,970",2024년 1월
12월,83,사랑과 결함,예소연,문학동네,"19,975",2024년 7월
12월,84,세상의 마지막 기차역 (리커버 에디션),무라세 다케시,모모,"54,758",2022년 5월
12월,85,수레바퀴 아래서 (오리지널 초판본 표지디자인),헤르만 헤세,코너스톤,"42,009",2017년 1월
12월,86,조금 망한 사랑,김지연,문학동네,"18,340",2024년 10월
12월,87,[큰글자도서] 소년이 온다 2,한강,창비,"11,867",2017년 2월
12월,88,내가 키운 S급들 1~5 + 굿즈 패키지 세트 - 전5권,근서,JAYPLEMEDIA,"32,050",2024년 12월
12월,89,동물농장 (오리지널 초판본 표지 디자인),조지 오웰,코너스톤,"24,336",2020년 6월
12월,90,리버 1,오쿠다 히데오,은행나무,"19,560",2024년 11월
12월,91,빛이 이끄는 곳으로,백희성,북로망스,"36,437",2024년 8월
12월,92,셔닐 손수건과 속살 노란 멜론,에쿠니 가오리,(주)태일소담출판사,"6,760",2024년 12월
12월,93,위키드 1,그레고리 머과이어,민음사,"9,875",2024년 11월
12월,94,리틀 라이프 2,한야 야나기하라,시공사,"52,687",2016년 6월
12월,95,파친코 2,이민진,인플루엔셜(주),"49,799",2022년 8월
12월,96,노인과 바다,어니스트 헤밍웨이,민음사,"38,806",2012년 1월
12월,97,노르웨이의 숲,무라카미 하루키,민음사,세일즈 포인트 정보 없음,2017년 8월
12월,98,말하고 싶은 비밀,사쿠라 이이요,모모,"18,718",2023년 12월
12월,99,해리 포터와 마법사의 돌 (미나리마 에디션),J.K. 롤링,문학수첩,"28,474",2020년 10월
12월,100,해리 포터와 마법사의 돌 2 (무선),J.K. 롤링,문학수첩,"5,485",2024년 11월
